MAC-10 | Whitefish (Battle-Scarred)
MAC-10 | Whitefish (Field-Tested)
FAMAS | Crypsis (Field-Tested)
P250 | Verdigris (Field-Tested)
FAMAS | Crypsis (Factory New)
StatTrak™ P90 | Off World (Battle-Scarred)
Tec-9 | Bamboozle (Minimal Wear)
StatTrak™ MP5-SD | Gauss (Battle-Scarred)
MP7 | Mischief (Field-Tested)
FAMAS | Crypsis (Minimal Wear)
Galil AR | Akoben (Field-Tested)
Galil AR | Akoben (Factory New)
P250 | Verdigris (Battle-Scarred)
AK-47 | Uncharted (Battle-Scarred)
StatTrak™ MP5-SD | Gauss (Field-Tested)
Galil AR | Akoben (Battle-Scarred)
StatTrak™ P90 | Off World (Field-Tested)
StatTrak™ P90 | Off World (Factory New)
AWP | Atheris (Field-Tested)
R8 Revolver | Skull Crusher (Battle-Scarred)
Desert Eagle | Light Rail (Factory New)
AK-47 | Uncharted (Field-Tested)
Tec-9 | Bamboozle (Field-Tested)
AK-47 | Uncharted (Factory New)
AK-47 | Uncharted (Minimal Wear)
MP7 | Mischief (Well-Worn)
FAMAS | Crypsis (Battle-Scarred)
MP7 | Mischief (Battle-Scarred)
Galil AR | Akoben (Well-Worn)
XM1014 | Incinegator (Field-Tested)
UMP-45 | Moonrise (Minimal Wear)
P250 | Verdigris (Minimal Wear)
StatTrak™ P90 | Off World (Minimal Wear)
FAMAS | Crypsis (Well-Worn)
StatTrak™ MP5-SD | Gauss (Factory New)
UMP-45 | Moonrise (Field-Tested)
MAC-10 | Whitefish (Well-Worn)
StatTrak™ P90 | Off World (Well-Worn)
MAC-10 | Whitefish (Minimal Wear)
Galil AR | Akoben (Minimal Wear)
P250 | Verdigris (Well-Worn)
Desert Eagle | Light Rail (Field-Tested)
Tec-9 | Bamboozle (Battle-Scarred)
★ Stiletto Knife | Damascus Steel (Field-Tested)
Tec-9 | Bamboozle (Factory New)
M4A4 | The Emperor (Well-Worn)
MP7 | Mischief (Minimal Wear)
Desert Eagle | Light Rail (Battle-Scarred)
MAC-10 | Whitefish (Factory New)
UMP-45 | Moonrise (Factory New)
AWP | Atheris (Battle-Scarred)
R8 Revolver | Skull Crusher (Well-Worn)
P250 | Verdigris (Factory New)
Five-SeveN | Angry Mob (Battle-Scarred)
AK-47 | Uncharted (Well-Worn)
AUG | Momentum (Battle-Scarred)
StatTrak™ MP5-SD | Gauss (Well-Worn)
AUG | Momentum (Minimal Wear)
Desert Eagle | Light Rail (Well-Worn)
XM1014 | Incinegator (Battle-Scarred)
AWP | Atheris (Factory New)
Desert Eagle | Light Rail (Minimal Wear)
M4A4 | The Emperor (Factory New)
StatTrak™ MP5-SD | Gauss (Minimal Wear)
★ Stiletto Knife | Tiger Tooth (Factory New)
AUG | Momentum (Field-Tested)
★ Stiletto Knife | Doppler (Factory New)
★ Navaja Knife | Doppler (Minimal Wear)
AWP | Atheris (Minimal Wear)
R8 Revolver | Skull Crusher (Field-Tested)
Tec-9 | Bamboozle (Well-Worn)
AWP | Atheris (Well-Worn)
M4A4 | The Emperor (Field-Tested)
★ Ursus Knife | Ultraviolet (Field-Tested)
AUG | Momentum (Factory New)
XM1014 | Incinegator (Well-Worn)
★ Navaja Knife | Tiger Tooth (Factory New)
UMP-45 | Moonrise (Well-Worn)
Five-SeveN | Angry Mob (Field-Tested)
Five-SeveN | Angry Mob (Well-Worn)
M4A4 | The Emperor (Battle-Scarred)
Five-SeveN | Angry Mob (Factory New)
★ Stiletto Knife | Rust Coat (Battle-Scarred)
XM1014 | Incinegator (Minimal Wear)
★ Ursus Knife | Ultraviolet (Battle-Scarred)
M4A4 | The Emperor (Minimal Wear)
★ Ursus Knife | Marble Fade (Factory New)
★ Ursus Knife | Ultraviolet (Factory New)
AUG | Momentum (Well-Worn)
★ Talon Knife | Doppler (Factory New)
★ Talon Knife | Damascus Steel (Battle-Scarred)
★ Stiletto Knife | Ultraviolet (Minimal Wear)
★ Stiletto Knife | Ultraviolet (Battle-Scarred)
★ Navaja Knife | Damascus Steel (Battle-Scarred)
★ Ursus Knife | Damascus Steel (Field-Tested)
Five-SeveN | Angry Mob (Minimal Wear)
★ Talon Knife | Ultraviolet (Battle-Scarred)
★ Stiletto Knife | Doppler (Minimal Wear)
★ Navaja Knife | Rust Coat (Battle-Scarred)
★ Ursus Knife | Tiger Tooth (Factory New)
★ Navaja Knife | Marble Fade (Factory New)
★ Talon Knife | Damascus Steel (Minimal Wear)
★ Ursus Knife | Tiger Tooth (Minimal Wear)
★ Stiletto Knife | Damascus Steel (Factory New)
★ Ursus Knife | Doppler (Factory New)
★ Talon Knife | Tiger Tooth (Minimal Wear)
★ Stiletto Knife | Damascus Steel (Well-Worn)
★ Stiletto Knife | Marble Fade (Factory New)
★ Ursus Knife | Damascus Steel (Factory New)
★ Stiletto Knife | Damascus Steel (Minimal Wear)
★ Navaja Knife | Damascus Steel (Well-Worn)
★ Talon Knife | Damascus Steel (Factory New)
★ Ursus Knife | Rust Coat (Battle-Scarred)
★ Talon Knife | Tiger Tooth (Factory New)
★ Stiletto Knife | Ultraviolet (Field-Tested)
★ Navaja Knife | Doppler (Factory New)
★ Talon Knife | Marble Fade (Factory New)
★ Ursus Knife | Doppler (Minimal Wear)
★ Talon Knife | Rust Coat (Battle-Scarred)
★ Talon Knife | Ultraviolet (Field-Tested)
★ Navaja Knife | Damascus Steel (Factory New)
★ Ursus Knife | Damascus Steel (Minimal Wear)
★ Ursus Knife | Damascus Steel (Battle-Scarred)
★ Stiletto Knife | Rust Coat (Well-Worn)
★ Talon Knife | Rust Coat (Well-Worn)
★ Talon Knife | Damascus Steel (Field-Tested)
★ Talon Knife | Ultraviolet (Well-Worn)
★ Talon Knife | Damascus Steel (Well-Worn)
★ Stiletto Knife | Damascus Steel (Battle-Scarred)
★ Navaja Knife | Ultraviolet (Field-Tested)
★ Ursus Knife | Marble Fade (Minimal Wear)
★ Navaja Knife | Ultraviolet (Battle-Scarred)
★ Navaja Knife | Marble Fade (Minimal Wear)
★ Ursus Knife | Ultraviolet (Well-Worn)
★ Ursus Knife | Rust Coat (Well-Worn)
★ Talon Knife | Ultraviolet (Minimal Wear)
★ Ursus Knife | Damascus Steel (Well-Worn)
★ Navaja Knife | Damascus Steel (Field-Tested)
★ Stiletto Knife | Ultraviolet (Well-Worn)
★ Talon Knife | Doppler (Minimal Wear)
★ Navaja Knife | Ultraviolet (Minimal Wear)
★ Talon Knife | Ultraviolet (Factory New)
★ Navaja Knife | Rust Coat (Well-Worn)
★ Ursus Knife | Ultraviolet (Minimal Wear)
★ Stiletto Knife | Marble Fade (Minimal Wear)
★ Navaja Knife | Tiger Tooth (Minimal Wear)
★ Stiletto Knife | Ultraviolet (Factory New)
★ Navaja Knife | Damascus Steel (Minimal Wear)
★ Navaja Knife | Ultraviolet (Well-Worn)
★ Stiletto Knife | Tiger Tooth (Minimal Wear)
★ Talon Knife | Marble Fade (Minimal Wear)
