AUG | Triqua (Battle-Scarred)
StatTrak™ MAC-10 | Oceanic (Minimal Wear)
MAC-10 | Oceanic (Well-Worn)
StatTrak™ G3SG1 | Hunter (Field-Tested)
Tec-9 | Cracked Opal (Minimal Wear)
Sawed-Off | Morris (Battle-Scarred)
StatTrak™ Tec-9 | Cracked Opal (Battle-Scarred)
G3SG1 | Hunter (Field-Tested)
AUG | Triqua (Field-Tested)
G3SG1 | Hunter (Minimal Wear)
MP9 | Goo (Field-Tested)
Tec-9 | Cracked Opal (Field-Tested)
UMP-45 | Exposure (Field-Tested)
Sawed-Off | Morris (Field-Tested)
Tec-9 | Cracked Opal (Battle-Scarred)
SCAR-20 | Jungle Slipstream (Well-Worn)
XM1014 | Ziggy (Factory New)
StatTrak™ G3SG1 | Hunter (Well-Worn)
StatTrak™ Glock-18 | Off World (Field-Tested)
G3SG1 | Hunter (Factory New)
AUG | Triqua (Well-Worn)
Tec-9 | Cracked Opal (Well-Worn)
SCAR-20 | Jungle Slipstream (Minimal Wear)
Sawed-Off | Morris (Factory New)
SCAR-20 | Jungle Slipstream (Field-Tested)
XM1014 | Ziggy (Battle-Scarred)
StatTrak™ MAC-10 | Oceanic (Factory New)
G3SG1 | Hunter (Battle-Scarred)
StatTrak™ CZ75-Auto | Tacticat (Battle-Scarred)
MAC-10 | Oceanic (Field-Tested)
XM1014 | Ziggy (Field-Tested)
G3SG1 | Hunter (Well-Worn)
Glock-18 | Off World (Field-Tested)
SCAR-20 | Jungle Slipstream (Factory New)
Glock-18 | Off World (Battle-Scarred)
SCAR-20 | Jungle Slipstream (Battle-Scarred)
MAC-10 | Oceanic (Factory New)
CZ75-Auto | Tacticat (Minimal Wear)
MP9 | Goo (Battle-Scarred)
PP-Bizon | High Roller (Minimal Wear)
MAC-10 | Oceanic (Minimal Wear)
PP-Bizon | High Roller (Battle-Scarred)
Glock-18 | Off World (Minimal Wear)
Glock-18 | Off World (Factory New)
StatTrak™ MAC-10 | Oceanic (Field-Tested)
SG 553 | Phantom (Field-Tested)
AK-47 | The Empress (Battle-Scarred)
StatTrak™ Glock-18 | Off World (Battle-Scarred)
StatTrak™ Sawed-Off | Morris (Factory New)
Sawed-Off | Morris (Well-Worn)
MAC-10 | Oceanic (Battle-Scarred)
StatTrak™ R8 Revolver | Llama Cannon (Battle-Scarred)
CZ75-Auto | Tacticat (Well-Worn)
Sawed-Off | Morris (Minimal Wear)
Tec-9 | Cracked Opal (Factory New)
StatTrak™ AUG | Triqua (Battle-Scarred)
StatTrak™ G3SG1 | Hunter (Battle-Scarred)
UMP-45 | Exposure (Factory New)
MP9 | Goo (Well-Worn)
StatTrak™ MP9 | Goo (Factory New)
CZ75-Auto | Tacticat (Battle-Scarred)
M4A1-S | Leaded Glass (Field-Tested)
UMP-45 | Exposure (Battle-Scarred)
PP-Bizon | High Roller (Field-Tested)
AUG | Triqua (Minimal Wear)
AUG | Triqua (Factory New)
StatTrak™ CZ75-Auto | Tacticat (Field-Tested)
StatTrak™ SCAR-20 | Jungle Slipstream (Field-Tested)
StatTrak™ UMP-45 | Exposure (Field-Tested)
StatTrak™ PP-Bizon | High Roller (Field-Tested)
SG 553 | Phantom (Minimal Wear)
StatTrak™ AUG | Triqua (Factory New)
StatTrak™ AUG | Triqua (Well-Worn)
R8 Revolver | Llama Cannon (Battle-Scarred)
CZ75-Auto | Tacticat (Field-Tested)
StatTrak™ SCAR-20 | Jungle Slipstream (Well-Worn)
Glock-18 | Off World (Well-Worn)
MP9 | Goo (Factory New)
R8 Revolver | Llama Cannon (Minimal Wear)
SG 553 | Phantom (Well-Worn)
StatTrak™ G3SG1 | Hunter (Factory New)
StatTrak™ Sawed-Off | Morris (Battle-Scarred)
SG 553 | Phantom (Battle-Scarred)
M4A1-S | Leaded Glass (Battle-Scarred)
R8 Revolver | Llama Cannon (Field-Tested)
SG 553 | Phantom (Factory New)
MP9 | Goo (Minimal Wear)
StatTrak™ AUG | Triqua (Field-Tested)
StatTrak™ UMP-45 | Exposure (Factory New)
StatTrak™ MAC-10 | Oceanic (Well-Worn)
CZ75-Auto | Tacticat (Factory New)
M4A1-S | Leaded Glass (Well-Worn)
StatTrak™ XM1014 | Ziggy (Factory New)
StatTrak™ Glock-18 | Off World (Well-Worn)
StatTrak™ Sawed-Off | Morris (Minimal Wear)
StatTrak™ MAC-10 | Oceanic (Battle-Scarred)
★ Falchion Knife | Marble Fade (Factory New)
StatTrak™ MP9 | Goo (Field-Tested)
StatTrak™ G3SG1 | Hunter (Minimal Wear)
StatTrak™ SCAR-20 | Jungle Slipstream (Factory New)
StatTrak™ XM1014 | Ziggy (Field-Tested)
AK-47 | The Empress (Minimal Wear)
StatTrak™ SG 553 | Phantom (Field-Tested)
StatTrak™ Tec-9 | Cracked Opal (Field-Tested)
StatTrak™ SCAR-20 | Jungle Slipstream (Battle-Scarred)
XM1014 | Ziggy (Minimal Wear)
XM1014 | Ziggy (Well-Worn)
StatTrak™ UMP-45 | Exposure (Well-Worn)
R8 Revolver | Llama Cannon (Well-Worn)
UMP-45 | Exposure (Minimal Wear)
UMP-45 | Exposure (Well-Worn)
StatTrak™ XM1014 | Ziggy (Minimal Wear)
StatTrak™ M4A1-S | Leaded Glass (Battle-Scarred)
StatTrak™ R8 Revolver | Llama Cannon (Field-Tested)
★ Butterfly Knife | Ultraviolet (Field-Tested)
StatTrak™ SG 553 | Phantom (Battle-Scarred)
StatTrak™ AK-47 | The Empress (Battle-Scarred)
StatTrak™ Sawed-Off | Morris (Well-Worn)
AK-47 | The Empress (Field-Tested)
StatTrak™ AUG | Triqua (Minimal Wear)
M4A1-S | Leaded Glass (Factory New)
StatTrak™ ★ Falchion Knife | Damascus Steel (Factory New)
PP-Bizon | High Roller (Well-Worn)
StatTrak™ PP-Bizon | High Roller (Battle-Scarred)
StatTrak™ Tec-9 | Cracked Opal (Factory New)
StatTrak™ Tec-9 | Cracked Opal (Well-Worn)
PP-Bizon | High Roller (Factory New)
StatTrak™ UMP-45 | Exposure (Battle-Scarred)
StatTrak™ MP9 | Goo (Minimal Wear)
★ Shadow Daggers | Damascus Steel (Battle-Scarred)
R8 Revolver | Llama Cannon (Factory New)
StatTrak™ SG 553 | Phantom (Minimal Wear)
StatTrak™ Sawed-Off | Morris (Field-Tested)
StatTrak™ SCAR-20 | Jungle Slipstream (Minimal Wear)
StatTrak™ XM1014 | Ziggy (Battle-Scarred)
StatTrak™ MP9 | Goo (Battle-Scarred)
M4A1-S | Leaded Glass (Minimal Wear)
StatTrak™ Glock-18 | Off World (Minimal Wear)
StatTrak™ ★ Shadow Daggers | Marble Fade (Factory New)
P250 | See Ya Later (Minimal Wear)
StatTrak™ P250 | See Ya Later (Field-Tested)
P250 | See Ya Later (Well-Worn)
StatTrak™ M4A1-S | Leaded Glass (Well-Worn)
StatTrak™ SG 553 | Phantom (Well-Worn)
P250 | See Ya Later (Battle-Scarred)
StatTrak™ Tec-9 | Cracked Opal (Minimal Wear)
AK-47 | The Empress (Well-Worn)
StatTrak™ CZ75-Auto | Tacticat (Minimal Wear)
StatTrak™ UMP-45 | Exposure (Minimal Wear)
AK-47 | The Empress (Factory New)
StatTrak™ M4A1-S | Leaded Glass (Field-Tested)
★ Bowie Knife | Damascus Steel (Well-Worn)
★ Butterfly Knife | Tiger Tooth (Factory New)
StatTrak™ M4A1-S | Leaded Glass (Factory New)
★ Shadow Daggers | Rust Coat (Battle-Scarred)
StatTrak™ SG 553 | Phantom (Factory New)
StatTrak™ CZ75-Auto | Tacticat (Factory New)
StatTrak™ ★ Huntsman Knife | Doppler (Factory New)
StatTrak™ XM1014 | Ziggy (Well-Worn)
StatTrak™ CZ75-Auto | Tacticat (Well-Worn)
StatTrak™ R8 Revolver | Llama Cannon (Factory New)
★ Falchion Knife | Doppler (Factory New)
P250 | See Ya Later (Field-Tested)
StatTrak™ Glock-18 | Off World (Factory New)
★ Falchion Knife | Tiger Tooth (Factory New)
★ Bowie Knife | Doppler (Factory New)
StatTrak™ AK-47 | The Empress (Factory New)
StatTrak™ MP9 | Goo (Well-Worn)
★ Huntsman Knife | Doppler (Factory New)
StatTrak™ R8 Revolver | Llama Cannon (Minimal Wear)
StatTrak™ R8 Revolver | Llama Cannon (Well-Worn)
★ Huntsman Knife | Tiger Tooth (Factory New)
StatTrak™ PP-Bizon | High Roller (Factory New)
★ Huntsman Knife | Damascus Steel (Factory New)
StatTrak™ ★ Bowie Knife | Ultraviolet (Battle-Scarred)
★ Huntsman Knife | Ultraviolet (Well-Worn)
StatTrak™ ★ Falchion Knife | Ultraviolet (Battle-Scarred)
StatTrak™ AK-47 | The Empress (Field-Tested)
★ Huntsman Knife | Marble Fade (Factory New)
StatTrak™ P250 | See Ya Later (Factory New)
★ Huntsman Knife | Damascus Steel (Minimal Wear)
StatTrak™ ★ Shadow Daggers | Tiger Tooth (Factory New)
StatTrak™ P250 | See Ya Later (Battle-Scarred)
★ Bowie Knife | Ultraviolet (Battle-Scarred)
StatTrak™ PP-Bizon | High Roller (Well-Worn)
★ Butterfly Knife | Doppler (Factory New)
★ Shadow Daggers | Damascus Steel (Field-Tested)
P250 | See Ya Later (Factory New)
★ Huntsman Knife | Ultraviolet (Field-Tested)
★ Shadow Daggers | Tiger Tooth (Factory New)
StatTrak™ ★ Shadow Daggers | Rust Coat (Battle-Scarred)
StatTrak™ ★ Falchion Knife | Rust Coat (Battle-Scarred)
StatTrak™ M4A1-S | Leaded Glass (Minimal Wear)
★ Huntsman Knife | Ultraviolet (Battle-Scarred)
★ Falchion Knife | Rust Coat (Battle-Scarred)
StatTrak™ ★ Shadow Daggers | Doppler (Factory New)
★ Butterfly Knife | Marble Fade (Factory New)
★ Bowie Knife | Rust Coat (Battle-Scarred)
StatTrak™ ★ Bowie Knife | Ultraviolet (Field-Tested)
StatTrak™ PP-Bizon | High Roller (Minimal Wear)
★ Shadow Daggers | Tiger Tooth (Minimal Wear)
★ Shadow Daggers | Marble Fade (Factory New)
★ Bowie Knife | Tiger Tooth (Factory New)
★ Bowie Knife | Rust Coat (Well-Worn)
★ Shadow Daggers | Ultraviolet (Minimal Wear)
★ Bowie Knife | Damascus Steel (Field-Tested)
★ Bowie Knife | Ultraviolet (Well-Worn)
★ Butterfly Knife | Rust Coat (Battle-Scarred)
★ Shadow Daggers | Doppler (Factory New)
StatTrak™ P250 | See Ya Later (Well-Worn)
StatTrak™ P250 | See Ya Later (Minimal Wear)
★ Falchion Knife | Damascus Steel (Field-Tested)
★ Falchion Knife | Ultraviolet (Battle-Scarred)
StatTrak™ ★ Butterfly Knife | Rust Coat (Well-Worn)
★ Falchion Knife | Damascus Steel (Minimal Wear)
★ Falchion Knife | Ultraviolet (Minimal Wear)
★ Bowie Knife | Marble Fade (Factory New)
★ Falchion Knife | Damascus Steel (Well-Worn)
★ Falchion Knife | Ultraviolet (Field-Tested)
★ Huntsman Knife | Rust Coat (Battle-Scarred)
StatTrak™ ★ Huntsman Knife | Rust Coat (Battle-Scarred)
★ Butterfly Knife | Damascus Steel (Field-Tested)
★ Huntsman Knife | Damascus Steel (Well-Worn)
★ Bowie Knife | Marble Fade (Minimal Wear)
★ Butterfly Knife | Damascus Steel (Well-Worn)
★ Butterfly Knife | Tiger Tooth (Minimal Wear)
StatTrak™ AK-47 | The Empress (Well-Worn)
★ Huntsman Knife | Damascus Steel (Field-Tested)
★ Butterfly Knife | Damascus Steel (Factory New)
StatTrak™ ★ Butterfly Knife | Damascus Steel (Well-Worn)
★ Shadow Daggers | Ultraviolet (Well-Worn)
StatTrak™ ★ Bowie Knife | Tiger Tooth (Factory New)
StatTrak™ ★ Shadow Daggers | Damascus Steel (Field-Tested)
★ Butterfly Knife | Marble Fade (Minimal Wear)
★ Shadow Daggers | Ultraviolet (Field-Tested)
★ Butterfly Knife | Ultraviolet (Minimal Wear)
StatTrak™ ★ Falchion Knife | Tiger Tooth (Factory New)
★ Shadow Daggers | Damascus Steel (Minimal Wear)
★ Shadow Daggers | Ultraviolet (Battle-Scarred)
StatTrak™ ★ Bowie Knife | Rust Coat (Well-Worn)
StatTrak™ ★ Butterfly Knife | Doppler (Minimal Wear)
StatTrak™ AK-47 | The Empress (Minimal Wear)
★ Butterfly Knife | Damascus Steel (Battle-Scarred)
★ Bowie Knife | Damascus Steel (Factory New)
StatTrak™ ★ Falchion Knife | Marble Fade (Factory New)
★ Shadow Daggers | Doppler (Minimal Wear)
StatTrak™ ★ Bowie Knife | Marble Fade (Factory New)
★ Huntsman Knife | Tiger Tooth (Minimal Wear)
★ Falchion Knife | Damascus Steel (Factory New)
★ Butterfly Knife | Doppler (Minimal Wear)
StatTrak™ ★ Bowie Knife | Rust Coat (Battle-Scarred)
★ Falchion Knife | Damascus Steel (Battle-Scarred)
★ Butterfly Knife | Ultraviolet (Battle-Scarred)
StatTrak™ ★ Butterfly Knife | Rust Coat (Battle-Scarred)
StatTrak™ ★ Falchion Knife | Doppler (Factory New)
★ Shadow Daggers | Damascus Steel (Well-Worn)
★ Butterfly Knife | Damascus Steel (Minimal Wear)
★ Falchion Knife | Marble Fade (Minimal Wear)
StatTrak™ ★ Huntsman Knife | Tiger Tooth (Factory New)
StatTrak™ ★ Shadow Daggers | Rust Coat (Well-Worn)
★ Huntsman Knife | Rust Coat (Well-Worn)
★ Butterfly Knife | Rust Coat (Well-Worn)
★ Shadow Daggers | Rust Coat (Well-Worn)
★ Bowie Knife | Ultraviolet (Minimal Wear)
★ Butterfly Knife | Ultraviolet (Well-Worn)
★ Bowie Knife | Ultraviolet (Field-Tested)
★ Falchion Knife | Rust Coat (Well-Worn)
StatTrak™ ★ Butterfly Knife | Doppler (Factory New)
StatTrak™ ★ Huntsman Knife | Doppler (Minimal Wear)
★ Bowie Knife | Doppler (Minimal Wear)
★ Shadow Daggers | Marble Fade (Minimal Wear)
StatTrak™ ★ Bowie Knife | Ultraviolet (Well-Worn)
StatTrak™ ★ Butterfly Knife | Marble Fade (Factory New)
★ Falchion Knife | Doppler (Minimal Wear)
★ Falchion Knife | Tiger Tooth (Minimal Wear)
★ Shadow Daggers | Damascus Steel (Factory New)
StatTrak™ ★ Huntsman Knife | Damascus Steel (Field-Tested)
★ Huntsman Knife | Damascus Steel (Battle-Scarred)
StatTrak™ ★ Shadow Daggers | Ultraviolet (Field-Tested)
★ Bowie Knife | Damascus Steel (Battle-Scarred)
StatTrak™ ★ Huntsman Knife | Ultraviolet (Battle-Scarred)
StatTrak™ ★ Huntsman Knife | Damascus Steel (Minimal Wear)
StatTrak™ ★ Bowie Knife | Damascus Steel (Well-Worn)
StatTrak™ ★ Butterfly Knife | Ultraviolet (Factory New)
StatTrak™ ★ Bowie Knife | Doppler (Factory New)
★ Huntsman Knife | Doppler (Minimal Wear)
StatTrak™ ★ Butterfly Knife | Tiger Tooth (Factory New)
StatTrak™ ★ Butterfly Knife | Ultraviolet (Battle-Scarred)
★ Falchion Knife | Ultraviolet (Well-Worn)
★ Bowie Knife | Tiger Tooth (Minimal Wear)
★ Huntsman Knife | Ultraviolet (Minimal Wear)
StatTrak™ ★ Huntsman Knife | Ultraviolet (Well-Worn)
StatTrak™ ★ Huntsman Knife | Ultraviolet (Field-Tested)
★ Huntsman Knife | Marble Fade (Minimal Wear)
StatTrak™ ★ Butterfly Knife | Ultraviolet (Field-Tested)
StatTrak™ ★ Bowie Knife | Damascus Steel (Factory New)
StatTrak™ ★ Shadow Daggers | Tiger Tooth (Minimal Wear)
StatTrak™ ★ Huntsman Knife | Damascus Steel (Battle-Scarred)
StatTrak™ ★ Bowie Knife | Damascus Steel (Field-Tested)
★ Bowie Knife | Damascus Steel (Minimal Wear)
StatTrak™ ★ Falchion Knife | Damascus Steel (Field-Tested)
★ Bowie Knife | Ultraviolet (Factory New)
StatTrak™ ★ Shadow Daggers | Ultraviolet (Battle-Scarred)
StatTrak™ ★ Huntsman Knife | Marble Fade (Factory New)
StatTrak™ ★ Huntsman Knife | Ultraviolet (Minimal Wear)
StatTrak™ ★ Butterfly Knife | Damascus Steel (Minimal Wear)
StatTrak™ ★ Butterfly Knife | Damascus Steel (Field-Tested)
StatTrak™ ★ Shadow Daggers | Doppler (Minimal Wear)
StatTrak™ ★ Shadow Daggers | Damascus Steel (Battle-Scarred)
★ Shadow Daggers | Ultraviolet (Factory New)
StatTrak™ ★ Falchion Knife | Tiger Tooth (Minimal Wear)
StatTrak™ ★ Bowie Knife | Tiger Tooth (Minimal Wear)
StatTrak™ ★ Falchion Knife | Damascus Steel (Battle-Scarred)
StatTrak™ ★ Falchion Knife | Ultraviolet (Field-Tested)
StatTrak™ ★ Falchion Knife | Damascus Steel (Well-Worn)
StatTrak™ ★ Falchion Knife | Damascus Steel (Minimal Wear)
StatTrak™ ★ Falchion Knife | Ultraviolet (Well-Worn)
StatTrak™ ★ Butterfly Knife | Damascus Steel (Factory New)
StatTrak™ ★ Bowie Knife | Marble Fade (Minimal Wear)
★ Huntsman Knife | Ultraviolet (Factory New)
StatTrak™ ★ Shadow Daggers | Ultraviolet (Minimal Wear)
StatTrak™ ★ Huntsman Knife | Marble Fade (Minimal Wear)
StatTrak™ ★ Butterfly Knife | Tiger Tooth (Minimal Wear)
StatTrak™ ★ Butterfly Knife | Damascus Steel (Battle-Scarred)
StatTrak™ ★ Shadow Daggers | Marble Fade (Minimal Wear)
StatTrak™ ★ Shadow Daggers | Damascus Steel (Factory New)
StatTrak™ ★ Falchion Knife | Doppler (Minimal Wear)
