skin_name,info_name,paintkit_id,collection
★ Navaja Knife,default,0,Knife
|Tec-9 || Groundwater|,so_olive,2,The Italy Collection
|MAC-10 || Candy Apple|,so_red,3,The Train Collection
|MP7 || Forest DDPAT|,hy_ddpat,5,The Bank Collection
error: skin not found,hy_arctic,6,6
|G3SG1 || Desert Storm|,hy_desert,8,The Dust 2 Collection
|AUG || Bengal Tiger|,hy_tiger,9,The eSports 2014 Summer Collection
|AUG || Copperhead|,hy_copperhead,10,The Dust Collection
|MP7 || Skulls|,hy_skulls,11,The Arms Deal Collection
|R8 Revolver || Crimson Web|,hy_webs,12,The Revolver Case Collection
|PP-Bizon || Blue Streak|,hy_splatter,13,The eSports 2014 Summer Collection
|AK-47 || Red Laminate|,hy_ak47lam,14,The eSports 2013 Collection
|UMP-45 || Gunsmoke|,hy_gelpen,15,The Italy Collection
|M4A4 || Jungle Tiger|,hy_v_tiger,16,The Aztec Collection
|Tec-9 || Urban DDPAT|,hy_ddpat_urb,17,The Bank Collection
|P90 || Virus|,hy_zombie,20,The eSports 2014 Summer Collection
|P2000 || Granite Marbleized|,hy_granite,21,The Italy Collection
|M249 || Contrast Spray|,sp_spray,22,The Overpass Collection
|USP-S || Forest Leaves|,sp_leaves,25,The Safehouse Collection
|SSG 08 || Lichen Dashed|,sp_short_tape,26,The Aztec Collection
|R8 Revolver || Bone Mask|,sp_tape,27,The Bank Collection
|MP7 || Anodized Navy|,an_navy,28,The Italy Collection
|Sawed-Off || Snake Camo|,sp_snake,30,The Dust 2 Collection
|MAC-10 || Silver|,an_silver,32,The Bank Collection
|MP9 || Hot Rod|,an_red,33,The Mirage Collection
|P250 || Metallic DDPAT|,am_urban,34,The Train Collection
|Tec-9 || Ossified|,am_ossify,36,The Aztec Collection
|R8 Revolver || Blaze|,aa_flames,37,The 2021 Train Collection
|MAC-10 || Fade|,aa_fade,38,The Chop Shop Collection
|MAG-7 || Bulldozer|,so_yellow,39,The Mirage Collection
|R8 Revolver || Night|,so_night,40,The Ancient Collection
|Sawed-Off || Copper|,aq_copper,41,The Dust Collection
|XM1014 || Blue Steel|,aq_blued,42,The Lake Collection
|Dual Berettas || Stained|,aq_forced,43,The Italy Collection
|Five-SeveN || Case Hardened|,aq_oiled,44,The Arms Deal 2 Collection
|Dual Berettas || Contractor|,so_pmc,46,The Safehouse Collection
|FAMAS || Colony|,so_space_marine,47,The Italy Collection
|Glock-18 || Dragon Tattoo|,am_dragon_glock,48,The Arms Deal Collection
|AWP || Lightning Strike|,am_lightning_awp,51,The Arms Deal Collection
|★ Navaja Knife || Slaughter|,am_zebra,59,Knife
|FAMAS || Dark Water|,am_zebra_dark,60,The Ancient Collection
|MP9 || Hypnotic|,aa_vertigo,61,The Arms Deal 2 Collection
|Nova || Bloomstick|,cu_spring_nova,62,The eSports 2014 Summer Collection
|P90 || Cold Blooded|,am_slither_p90,67,The Arms Deal 2 Collection
|SCAR-20 || Carbon Fiber|,am_carbon_fiber,70,The Train Collection
|P2000 || Scorpion|,am_scorpion_p2000,71,The Dust Collection
|AWP || Safari Mesh|,sp_mesh_tan,72,The Lake Collection
|AUG || Wings|,hy_feathers_aug,73,The Arms Deal Collection
|G3SG1 || Polar Camo|,hy_arctic_contrast,74,The Train Collection
|M249 || Blizzard Marbleized|,hy_blizzard,75,The Office Collection
|Galil AR || Winter Forest|,hy_forest_winter,76,The Office Collection
|P250 || Boreal Forest|,hy_forest_boreal,77,The Lake Collection
|Five-SeveN || Forest Night|,hy_forest_night,78,The Train Collection
|Sawed-Off || Orange DDPAT|,hy_ddpat_orange,83,The eSports 2013 Collection
|Glock-18 || Pink DDPAT|,hy_ddpat_pink,84,The 2021 Mirage Collection
|UMP-45 || Mudder|,hy_mottled_sand,90,The 2018 Inferno Collection
|FAMAS || Cyanospatter|,hy_reef,92,The Lake Collection
|UMP-45 || Caramel|,so_caramel,93,The Assault Collection
|P2000 || Grassland|,so_grassland,95,The Overpass Collection
|XM1014 || Blue Spruce|,so_moss,96,The Lake Collection
|MAC-10 || Ultraviolet|,so_purple,98,The eSports 2014 Summer Collection
|Nova || Sand Dune|,so_sand,99,The Italy Collection
|AUG || Storm|,so_stormfront,100,The Lake Collection
|M4A4 || Tornado|,so_tornado,101,The Inferno Collection
|MP7 || Whiteout|,so_whiteout,102,The Office Collection
|P2000 || Grassland Leaves|,sp_leaves_grassland,104,The Militia Collection
|Nova || Polar Mesh|,sp_mesh_arctic_contrast,107,The Train Collection
|AUG || Condemned|,sp_mesh_forest_fire,110,The Safehouse Collection
|P90 || Glacier Mesh|,sp_mesh_glacier,111,The Vertigo Collection
|SCAR-20 || Sand Mesh|,sp_mesh_sand,116,The Dust 2 Collection
|Galil AR || Sage Spray|,sp_spray_desert_sage,119,The Lake Collection
|AK-47 || Jungle Spray|,sp_spray_jungle,122,The Aztec Collection
|P90 || Sand Spray|,sp_spray_sand,124,The Dust 2 Collection
|P250 || X-Ray|,cu_xray_p250,125,The X-Ray Collection
|XM1014 || Urban Perforated|,sp_tape_dots_urban,135,The Vertigo Collection
|SG 553 || Waves Perforated|,sp_tape_dots_waves,136,The Lake Collection
|Five-SeveN || Orange Peel|,sp_tape_orange,141,The Dust 2 Collection
|★ Navaja Knife || Urban Masked|,sp_tape_urban,143,Knife
|G3SG1 || Jungle Dashed|,sp_tape_short_jungle,147,The Lake Collection
|PP-Bizon || Sand Dashed|,sp_tape_short_sand,148,The Italy Collection
|PP-Bizon || Urban Dashed|,sp_tape_short_urban,149,The Train Collection
|Five-SeveN || Jungle|,so_jungle,151,The Aztec Collection
|Dual Berettas || Demolition|,so_tangerine,153,The Vertigo Collection
|FAMAS || Afterimage|,cu_broken_path_famas,154,The eSports 2013 Winter Collection
|M4A4 || Bullet Rain|,cu_bullet_rain_m4a1,155,The eSports 2014 Summer Collection
|P90 || Death by Kitty|,cu_catskulls_p90,156,The eSports 2013 Collection
|MAC-10 || Palm|,sp_palm,157,The Dust 2 Collection
|Nova || Walnut|,cu_walnut_nova,158,The Inferno Collection
|Tec-9 || Brass|,aq_brass,159,The Inferno Collection
|P250 || Splash|,sp_splash_p250,162,The eSports 2013 Collection
|Nova || Modern Hunter|,hy_hunter_modern,164,The Militia Collection
|SCAR-20 || Splash Jam|,hy_hunter_blaze_pink,165,The Militia Collection
|XM1014 || Blaze Orange|,hy_hunter_blaze_orange,166,The Militia Collection
|M4A4 || Radiation Hazard|,sp_nukestripe_orange,167,The Nuke Collection
|P250 || Nuclear Threat|,sp_nukestripe_green,168,The Nuke Collection
|XM1014 || Fallout Warning|,sp_nukestripe_maroon,169,The Nuke Collection
|Nova || Predator|,sp_zebracam,170,The Dust 2 Collection
|Sawed-Off || Irradiated Alert|,sp_nukestripe_brown,171,The Nuke Collection
|AK-47 || Black Laminate|,hy_ak47lam_bw,172,The Vertigo Collection
|AWP || BOOM|,hy_blam_simple,174,The eSports 2013 Collection
|UMP-45 || Scorched|,sp_dapple,175,The Overpass Collection
|M4A4 || Faded Zebra|,sp_zebracam_bw,176,The eSports 2013 Collection
|MAG-7 || Memento|,hy_icosahedron,177,The eSports 2013 Collection
|FAMAS || Doomkitty|,hy_doomkitty,178,The eSports 2013 Collection
|Tec-9 || Nuclear Threat|,sp_nukestripe_green_tec9,179,The Nuke Collection
|AK-47 || Fire Serpent|,cu_fireserpent_ak47_bravo,180,The Bravo Collection
|AWP || Corticera|,cu_favela_awp,181,The eSports 2014 Summer Collection
|P90 || Emerald Dragon|,cu_dragon_p90_bravo,182,The Bravo Collection
|USP-S || Overgrowth|,hy_siege_bravo,183,The Bravo Collection
|P2000 || Corticera|,cu_favela_p2000,184,The eSports 2014 Summer Collection
|Desert Eagle || Golden Koi|,am_scales_bravo,185,The Bravo Collection
|SG 553 || Wave Spray|,sp_spray_waves_bravo,186,The Bravo Collection
|M4A4 || Zirka|,sp_star_bravo,187,The Bravo Collection
|MAC-10 || Graven|,aq_etched_mac10_bravo,188,The Bravo Collection
|M4A1-S || Bright Water|,hy_ocean_bravo,189,The Bravo Collection
|Dual Berettas || Black Limba|,cu_season_elites_bravo,190,The Bravo Collection
|Nova || Tempest|,hy_seaside_bravo,191,The Bravo Collection
|Galil AR || Shattered|,hy_crumple_bravo,192,The Bravo Collection
|UMP-45 || Bone Pile|,sp_skull_diagram_bravo,193,The Bravo Collection
|FAMAS || Spitfire|,sp_spitfire_famas_bravo,194,The Alpha Collection
|G3SG1 || Demeter|,hy_bluepolygon_bravo,195,The Bravo Collection
|SCAR-20 || Emerald|,an_emerald_bravo,196,The Alpha Collection
|AUG || Anodized Navy|,an_navy_bravo,197,The Alpha Collection
|MAG-7 || Hazard|,sp_hazard_bravo,198,The Alpha Collection
|MP9 || Dry Season|,sp_tape_dots_bravo,199,The Alpha Collection
|SSG 08 || Mayan Dreams|,hy_mayan_dreams_bravo,200,The Alpha Collection
|Negev || Palm|,sp_palm_bravo,201,The Alpha Collection
|M249 || Jungle DDPAT|,hy_ddpat_jungle_bravo,202,The Alpha Collection
|PP-Bizon || Rust Coat|,aq_steel_bravo,203,The Alpha Collection
|Sawed-Off || Mosaico|,hy_ali_tile_bravo,204,The Alpha Collection
error: skin not found,so_jungle_bravo,205,205
error: skin not found,so_tornado_bravo,206,206
|P250 || Facets|,hy_crumple_dark_bravo,207,The Alpha Collection
|Glock-18 || Sand Dune|,so_sand_bravo,208,The Alpha Collection
|MP7 || Groundwater|,so_olive_bravo,209,The Alpha Collection
|Five-SeveN || Anodized Gunmetal|,an_gunmetal_bravo,210,The Alpha Collection
|P2000 || Ocean Foam|,am_ossify_blue_p2000_bravo,211,The Bravo Collection
|AWP || Graphite|,am_crumple_bravo,212,The Bravo Collection
|MP7 || Ocean Foam|,am_ossify_blue,213,The eSports 2014 Summer Collection
|Nova || Graphite|,am_crumple,214,The Arms Deal 2 Collection
|M4A4 || X-Ray|,cu_xray_m4,215,The eSports 2013 Winter Collection
|Galil AR || Blue Titanium|,an_titanium30v,216,The eSports 2013 Winter Collection
|USP-S || Blood Tiger|,hy_redtiger,217,The eSports 2014 Summer Collection
|CZ75-Auto || Hexane|,hy_bluehex,218,The eSports 2014 Summer Collection
|P250 || Hive|,hy_redhex,219,The Arms Deal 2 Collection
|Dual Berettas || Hemoglobin|,am_ossify_red,220,The Arms Deal 2 Collection
|USP-S || Serum|,am_electric_red,221,The Arms Deal 2 Collection
|SSG 08 || Blood in the Water|,cu_shark,222,The Arms Deal 2 Collection
|Five-SeveN || Nightshade|,hy_flowers,223,The eSports 2013 Winter Collection
|PP-Bizon || Water Sigil|,hy_water_crest,224,The eSports 2013 Winter Collection
|Nova || Ghost Camo|,sp_camo_wood_blue,225,The eSports 2013 Winter Collection
|AK-47 || Blue Laminate|,hy_ak47lam_blue,226,The eSports 2013 Winter Collection
|AWP || Electric Hive|,hy_hive,227,The eSports 2013 Winter Collection
|P90 || Blind Spot|,hy_modspots,228,The eSports 2013 Winter Collection
|G3SG1 || Azure Zebra|,sp_zebracam_blue,229,The eSports 2013 Winter Collection
|P250 || Steel Disruption|,am_ddpatdense_silver,230,The eSports 2013 Winter Collection
|Desert Eagle || Cobalt Disruption|,am_ddpatdense_peacock,231,The eSports 2013 Winter Collection
|SCAR-20 || Crimson Web|,hy_webs_darker,232,The Arms Deal 2 Collection
|SSG 08 || Tropical Storm|,sp_palm_shadow,233,The Mirage Collection
|P90 || Ash Wood|,sp_twigs,234,The Train Collection
|G3SG1 || VariCamo|,hy_varicamo,235,The Safehouse Collection
|PP-Bizon || Night Ops|,hy_varicamo_night,236,The Lake Collection
|Desert Eagle || Urban Rubble|,hy_varicamo_urban,237,The Train Collection
|XM1014 || VariCamo Blue|,hy_varicamo_blue,238,The Overpass Collection
|FAMAS || CaliCamo|,hy_varicamo_desert,240,The 2021 Mirage Collection
|Galil AR || Hunting Blind|,sp_mesh_slashes,241,The Mirage Collection
|Tec-9 || Army Mesh|,sp_mesh_army,242,The Safehouse Collection
|M249 || Gator Mesh|,sp_mesh_python,243,The Safehouse Collection
|FAMAS || Teardown|,sp_mesh_hot_and_cold,244,The Safehouse Collection
|MP7 || Army Recon|,sp_spray_army,245,The Safehouse Collection
|AUG || Amber Fade|,aa_fade_metallic,246,The 2021 Train Collection
|SG 553 || Damascus Steel|,aq_damascus_sg553,247,The Dust 2 Collection
|Tec-9 || Red Quartz|,am_crystallized,248,The Train Collection
|Dual Berettas || Cobalt Quartz|,am_crystallized_blue,249,The Lake Collection
|UMP-45 || Full Stop|,hy_varicamo_red,250,The 2021 Train Collection
|AWP || Pit Viper|,hy_snakeskin,251,The Italy Collection
|Five-SeveN || Silver Quartz|,am_crystallized_silver,252,The Safehouse Collection
|SSG 08 || Acid Fade|,aa_fade_grassland,253,The Safehouse Collection
|M4A1-S || Nitro|,so_orange_accents,254,The Safehouse Collection
|M4A4 || Asiimov|,cu_m4_asimov,255,The Winter Offensive Collection
|Sawed-Off || The Kraken|,cu_sawedoff_octopump,256,The Winter Offensive Collection
|M4A1-S || Guardian|,cu_m4a1-s_elegant,257,The Winter Offensive Collection
|P250 || Mehndi|,cu_p250_refined,258,The Winter Offensive Collection
|AWP || Redline|,cu_awp_cobra,259,The Winter Offensive Collection
|FAMAS || Pulse|,cu_famas_pulse,260,The Winter Offensive Collection
|Dual Berettas || Marina|,hy_marina_sunrise,261,The Winter Offensive Collection
|MP9 || Rose Iron|,am_thorny_rose_mp9,262,The Winter Offensive Collection
|Nova || Rising Skull|,cu_skull_nova,263,The Winter Offensive Collection
|Galil AR || Sandstorm|,cu_sandstorm,264,The Winter Offensive Collection
|Five-SeveN || Kami|,hy_kami,265,The Winter Offensive Collection
|M249 || Magma|,aq_obsidian,266,The Winter Offensive Collection
|PP-Bizon || Cobalt Halftone|,am_turqoise_halftone,267,The Winter Offensive Collection
|CZ75-Auto || Tread Plate|,am_diamond_plate,268,The Arms Deal 3 Collection
|CZ75-Auto || The Fuschia Is Now|,am_fuschia,269,The Arms Deal 3 Collection
|CZ75-Auto || Victoria|,aq_etched_cz75,270,The Arms Deal 3 Collection
|P250 || Undertow|,am_p250_beaded_paint,271,The Arms Deal 3 Collection
|Tec-9 || Titanium Bit|,am_fluted_tec9,272,The Arms Deal 3 Collection
|Desert Eagle || Heirloom|,aq_engraved_deagle,273,The Arms Deal 3 Collection
|Five-SeveN || Copper Galaxy|,am_copper_flecks,274,The Arms Deal 3 Collection
|P2000 || Red FragCam|,hy_poly_camo,275,The Arms Deal 3 Collection
|Dual Berettas || Panther|,so_panther,276,The Arms Deal 3 Collection
|USP-S || Stainless|,aq_usp_stainless,277,The Arms Deal 3 Collection
|Glock-18 || Blue Fissure|,hy_craquelure,278,The Arms Deal 3 Collection
|AWP || Asiimov|,cu_awp_asimov,279,The Phoenix Collection
|AUG || Chameleon|,cu_aug_chameleonaire,280,The Phoenix Collection
|UMP-45 || Corporal|,cu_ump_corporal,281,The Phoenix Collection
|AK-47 || Redline|,cu_ak47_cobra,282,The Phoenix Collection
|P90 || Trigon|,cu_p90_trigon,283,The Phoenix Collection
|MAC-10 || Heat|,cu_mac10_redhot,284,The Phoenix Collection
|Negev || Terrain|,sp_negev_turq_terrain,285,The Phoenix Collection
|Nova || Antique|,cu_nova_antique,286,The Phoenix Collection
|SG 553 || Pulse|,cu_sg553_pulse,287,The Phoenix Collection
|FAMAS || Sergeant|,an_famas_sgt,288,The Phoenix Collection
|Tec-9 || Sandstorm|,cu_tec9_sandstorm,289,The Phoenix Collection
|USP-S || Guardian|,cu_usp_elegant,290,The Phoenix Collection
|MAG-7 || Heaven Guard|,cu_mag7_heaven,291,The Phoenix Collection
|Glock-18 || Death Rattle|,hy_nerodia,293,The Bank Collection
|G3SG1 || Green Apple|,so_green,294,The Bank Collection
|P250 || Franklin|,cu_money,295,The Bank Collection
|Desert Eagle || Meteorite|,am_crystallized_dark,296,The Bank Collection
|CZ75-Auto || Tuxedo|,so_orca,297,The Bank Collection
|Negev || Army Sheen|,am_army_shine,298,The Bank Collection
|Nova || Caged Steel|,am_oval_hex,299,The Bank Collection
|AK-47 || Emerald Pinstripe|,cu_pinstripe_ak47,300,The Bank Collection
|M4A1-S || Atomic Alloy|,am_m4a1-s_alloy_orange,301,The Huntsman Collection
|AK-47 || Vulcan|,cu_ak47_rubber,302,The Huntsman Collection
|Tec-9 || Isaac|,cu_tec9_asiimov,303,The Huntsman Collection
|SSG 08 || Slashed|,cu_ssg08_immortal,304,The Huntsman Collection
|AUG || Torque|,cu_aug_progressiv,305,The Huntsman Collection
|PP-Bizon || Antique|,cu_bizon_antique,306,The Huntsman Collection
|Dual Berettas || Retribution|,cu_retribution,307,The Huntsman Collection
|Galil AR || Kami|,hy_galil_kami,308,The Huntsman Collection
|M4A4 || Howl|,cu_m4a1_howling,309,Unknown
|MAC-10 || Curse|,cu_mac10_decay,310,The Huntsman Collection
|P90 || Desert Warfare|,cu_p90_scorpius,311,The Huntsman Collection
|SCAR-20 || Cyrex|,cu_scar_cyrex,312,The Huntsman Collection
|USP-S || Orion|,cu_usp_spitfire,313,The Huntsman Collection
|XM1014 || Heaven Guard|,cu_xm1014_heaven_guard,314,The Huntsman Collection
|CZ75-Auto || Poison Dart|,am_nitrogen,315,The Huntsman Collection
|AK-47 || Jaguar|,cu_panther_ak47,316,The eSports 2014 Summer Collection
|Negev || Bratatat|,cu_bratatat_negev,317,The eSports 2014 Summer Collection
|USP-S || Road Rash|,cu_usp_sandpapered,318,The Overpass Collection
|SSG 08 || Detour|,hy_ssg08_marker,319,The Overpass Collection
|XM1014 || Red Python|,hy_snakeskin_red,320,The eSports 2014 Summer Collection
|M4A1-S || Master Piece|,cu_m4a1-s_silence,321,The Overpass Collection
|CZ75-Auto || Nitro|,so_orange_accents2,322,The Overpass Collection
|Nova || Rust Coat|,aq_steel,323,The Havoc Collection
|CZ75-Auto || Chalice|,am_royal,325,The Cobblestone Collection
|M4A1-S || Knight|,am_metals,326,The Cobblestone Collection
|P2000 || Chainmail|,am_chainmail,327,The Cobblestone Collection
|Desert Eagle || Hand Cannon|,aq_handcannon,328,The Cobblestone Collection
|MP9 || Dark Age|,am_metal_inlay,329,The Cobblestone Collection
|Dual Berettas || Briar|,hy_vines,330,The Cobblestone Collection
|USP-S || Royal Blue|,hy_indigo_usp,332,The Cobblestone Collection
|MAC-10 || Indigo|,so_indigo_and_grey,333,The Cobblestone Collection
|CZ75-Auto || Twist|,am_gyrate,334,The Huntsman Collection
|P90 || Module|,an_royalbleed,335,The Huntsman Collection
|M4A4 || Desert-Strike|,cu_titanstorm,336,The Huntsman Collection
|MAC-10 || Tatter|,cu_korupt,337,The Huntsman Collection
|P2000 || Pulse|,cu_p2000_pulse,338,The Huntsman Collection
|USP-S || Caiman|,cu_kaiman,339,The Huntsman Collection
|AK-47 || Jet Set|,cu_well_traveled_ak47,340,The Baggage Collection
|AK-47 || First Class|,cu_green_leather_ak47,341,The Baggage Collection
|P90 || Leather|,cu_brown_leather_p90,342,The Baggage Collection
|MAC-10 || Commuter|,cu_luggage_mac10,343,The Baggage Collection
|AWP || Dragon Lore|,cu_medieval_dragon_awp,344,The Cobblestone Collection
|Sawed-Off || First Class|,cu_green_leather_sawedoff,345,The Baggage Collection
|P2000 || Coach Class|,cu_luggage_p2000,346,The Baggage Collection
|Desert Eagle || Pilot|,aq_pilot_deagle,347,The Baggage Collection
|XM1014 || Red Leather|,cu_leather_xm1014,348,The Baggage Collection
|PP-Bizon || Osiris|,cu_bizon-osiris,349,The Breakout Collection
|CZ75-Auto || Tigris|,cu_c75a-tiger,350,The Breakout Collection
|Desert Eagle || Conspiracy|,cu_deagle_aureus,351,The Breakout Collection
|Five-SeveN || Fowl Play|,aq_57_feathers,352,The Breakout Collection
|Glock-18 || Water Elemental|,cu_glock-liquescent,353,The Breakout Collection
|MP7 || Urban Hazard|,cu_mp7-commander,354,The Breakout Collection
|Negev || Desert-Strike|,cu_negev_titanstorm,355,The Breakout Collection
|Nova || Koi|,cu_nova_koi,356,The Breakout Collection
|P2000 || Ivory|,cu_p2000_ivory,357,The Breakout Collection
|P250 || Supernova|,cu_bittersweet,358,The Breakout Collection
|P90 || Asiimov|,cu_p90-asiimov,359,The Breakout Collection
|M4A1-S || Cyrex|,cu_m4a1s_cyrex,360,The Breakout Collection
|SSG 08 || Abyss|,aq_leviathan,361,The Breakout Collection
|UMP-45 || Labyrinth|,hy_lines_orange,362,The Breakout Collection
|SG 553 || Traveler|,cu_luggage_sg553,363,The Baggage Collection
|USP-S || Business Class|,cu_luggage_usp-s,364,The Baggage Collection
|MP7 || Olive Plaid|,hy_plaid1,365,The Baggage Collection
|CZ75-Auto || Green Plaid|,hy_plaid2,366,The Baggage Collection
|Glock-18 || Reactor|,am_nuclear_pattern1_glock,367,The Cache Collection
|MP9 || Setting Sun|,hy_nuclear_pattern2_mp9,368,The Cache Collection
|Negev || Nuclear Waste|,sp_nuclear_pattern3_negev,369,The Cache Collection
|XM1014 || Bone Machine|,am_nuclear_skulls1_xm1014,370,The Cache Collection
|FAMAS || Styx|,am_nuclear_skulls2_famas,371,The Cache Collection
|MAC-10 || Nuclear Garden|,am_nuclear_skulls3_mac10,372,The Cache Collection
|P250 || Contamination|,hy_nuclear_skulls4_p250,373,The Cache Collection
|Tec-9 || Toxic|,hy_nuclear_skulls5_tec9,374,The Cache Collection
|AUG || Radiation Hazard|,sp_nukestripe_orange_aug,375,The Cache Collection
|PP-Bizon || Chemical Green|,so_grey_nuclear_green_bizon,376,The Cache Collection
|Five-SeveN || Hot Shot|,so_grey_nuclear_orange_five_seven,377,The Cache Collection
|SG 553 || Fallout Warning|,sp_nukestripe_maroon_sg553,378,The Cache Collection
|Galil AR || Cerberus|,cu_cerbrus_galil,379,The Cache Collection
|AK-47 || Wasteland Rebel|,cu_tribute_ak47,380,The Vanguard Collection
|Glock-18 || Grinder|,aq_glock_coiled,381,The Vanguard Collection
|G3SG1 || Murky|,am_g3sg1_murky,382,The Vanguard Collection
|M4A1-S || Basilisk|,aq_m4a1s_basilisk,383,The Vanguard Collection
|M4A4 || Griffin|,cu_m4a4_griffin,384,The Vanguard Collection
|MAG-7 || Firestarter|,sp_mag7_firebitten,385,The Vanguard Collection
|MP9 || Dart|,cu_mp9_chevron,386,The Vanguard Collection
|Five-SeveN || Urban Hazard|,cu_fiveseven_urban_hazard,387,The Vanguard Collection
|P250 || Cartel|,aq_p250_cartel,388,The Vanguard Collection
|P2000 || Fire Elemental|,cu_p2000_fire_elemental,389,The Vanguard Collection
|Sawed-Off || Highwayman|,aq_sawedoff_blackgold,390,The Vanguard Collection
|SCAR-20 || Cardiac|,cu_scar20_intervention,391,The Vanguard Collection
|UMP-45 || Delusion|,sp_ump45_d-visions,392,The Vanguard Collection
|XM1014 || Tranquility|,cu_xm1014_caritas,393,The Vanguard Collection
|AK-47 || Cartel|,aq_ak47_cartel,394,The Chroma Collection
|AWP || Man-o'-war|,am_awp_glory,395,The Chroma Collection
|Dual Berettas || Urban Shock|,cu_elites_urbanstorm,396,The Chroma Collection
|Desert Eagle || Naga|,aq_deagle_naga,397,The Chroma Collection
|Galil AR || Chatterbox|,cu_galil_abrasion,398,The Chroma Collection
|Glock-18 || Catacombs|,cu_glock_deathtoll,399,The Chroma Collection
|M4A4 || 龍王 (Dragon King)|,cu_m4a4_ancestral,400,The Chroma Collection
|M249 || System Lock|,cu_m249_sektor,401,The Chroma Collection
|MAC-10 || Malachite|,am_mac10_malachite,402,The Chroma Collection
|MP9 || Deadly Poison|,cu_mp9_deadly_poison,403,The Chroma Collection
|P250 || Muertos|,cu_p250_mandala,404,The Chroma Collection
|Sawed-Off || Serenity|,cu_sawedoff_deva,405,The Chroma Collection
|SCAR-20 || Grotto|,aq_scar20_leak,406,The Chroma Collection
|XM1014 || Quicksilver|,aq_xm1014_sigla,407,The Chroma Collection
|★ Navaja Knife || Tiger Tooth|,an_tiger_orange,409,Knife
|★ Gut Knife || Damascus Steel|,aq_damascus,410,Knife
|★ Shadow Daggers || Damascus Steel|,aq_damascus_90,411,Unknown
|★ Navaja Knife || Marble Fade|,am_marble_fade,413,Knife
|★ Shadow Daggers || Rust Coat|,aq_steel_knife,414,Unknown
|★ Navaja Knife || Doppler|,am_ruby_marbleized,415,Knife
|★ Navaja Knife || Doppler|,am_sapphire_marbleized,416,Knife
|★ Navaja Knife || Doppler|,am_blackpearl_marbleized,417,Knife
|★ Gut Knife || Doppler|,am_doppler_phase1,418,Knife
|★ Gut Knife || Doppler|,am_doppler_phase2,419,Knife
|★ Gut Knife || Doppler|,am_doppler_phase3,420,Knife
|★ Gut Knife || Doppler|,am_doppler_phase4,421,Knife
|AK-47 || Elite Build|,cu_ak47_mastery,422,The Chroma 2 Collection
|MP7 || Armor Core|,aq_mp7_ultramodern,423,The Chroma 2 Collection
|AWP || Worm God|,aq_awp_twine,424,The Chroma 2 Collection
|Desert Eagle || Bronze Deco|,am_bronze_sparkle,425,The Chroma 2 Collection
|P250 || Valence|,aq_p250_contour,426,The Chroma 2 Collection
|Five-SeveN || Monkey Business|,cu_fiveseven_banana,427,The Chroma 2 Collection
|Galil AR || Eco|,cu_galil_eco,428,The Chroma 2 Collection
|FAMAS || Djinn|,aq_famas_jinn,429,The Chroma 2 Collection
|M4A1-S || Hyper Beast|,cu_m4a1_hyper_beast,430,The Chroma 2 Collection
|MAG-7 || Heat|,cu_mag7_redhot,431,The Chroma 2 Collection
|Negev || Man-o'-war|,am_negev_glory,432,The Chroma 2 Collection
|MAC-10 || Neon Rider|,cu_mac10_neonrider,433,The Chroma 2 Collection
|Sawed-Off || Origami|,cu_sawedoff_origami,434,The Chroma 2 Collection
|CZ75-Auto || Pole Position|,cu_cz75_precision,435,The Chroma 2 Collection
|UMP-45 || Grand Prix|,am_ump_racer,436,The Chroma 2 Collection
|Glock-18 || Twilight Galaxy|,am_aqua_flecks,437,The Chop Shop Collection
|G3SG1 || Chronos|,cu_chronos_g3sg1,438,The Gods and Monsters Collection
|Tec-9 || Hades|,hy_hades,439,The Gods and Monsters Collection
|M4A1-S || Icarus Fell|,hy_icarus,440,The Gods and Monsters Collection
|UMP-45 || Minotaur's Labyrinth|,cu_labyrinth,441,The Gods and Monsters Collection
|MP7 || Asterion|,sp_labyrinth,442,The Gods and Monsters Collection
|P2000 || Pathfinder|,sp_labyrinth2,443,The Gods and Monsters Collection
|AUG || Daedalus|,sp_labyrinth3,444,The Gods and Monsters Collection
|M4A1-S || Hot Rod|,an_red_m4a1s,445,The Chop Shop Collection
|AWP || Medusa|,cu_medusa_awp,446,The Gods and Monsters Collection
|Dual Berettas || Duelist|,gs_mother_of_pearl_elite,447,The Chop Shop Collection
|MP9 || Pandora's Box|,aa_pandora,448,The Gods and Monsters Collection
|M4A4 || Poseidon|,cu_poseidon,449,The Gods and Monsters Collection
|Nova || Moon in Libra|,hy_zodiac1,450,The Gods and Monsters Collection
|AWP || Sun in Leo|,hy_zodiac2,451,The Gods and Monsters Collection
|M249 || Shipping Forecast|,hy_zodiac3,452,The Gods and Monsters Collection
|CZ75-Auto || Emerald|,an_emerald,453,The Chop Shop Collection
|USP-S || Para Green|,so_khaki_green,454,The Chop Shop Collection
|AUG || Akihabara Accept|,cu_anime_aug,455,The Rising Sun Collection
|AK-47 || Hydroponic|,am_bamboo_jungle,456,The Rising Sun Collection
|PP-Bizon || Bamboo Print|,hy_bamboo_jungle_ink,457,The Rising Sun Collection
|Sawed-Off || Bamboo Shadow|,hy_bamboo_jungle_black,458,The Rising Sun Collection
|Tec-9 || Bamboo Forest|,hy_bamboo_jungle,459,The Rising Sun Collection
|Galil AR || Aqua Terrace|,am_geometric_steps,460,The Rising Sun Collection
|MAG-7 || Counter Terrace|,hy_geometric_steps_green,462,The Rising Sun Collection
|Tec-9 || Terrace|,hy_geometric_steps_yellow,463,The Rising Sun Collection
|Five-SeveN || Neon Kimono|,hy_kimono_diamonds,464,The Rising Sun Collection
|G3SG1 || Orange Kimono|,hy_kimono_diamonds_orange,465,The Rising Sun Collection
|P250 || Crimson Kimono|,hy_kimono_diamonds_red,466,The Rising Sun Collection
|P250 || Mint Kimono|,sp_kimono_diamonds,467,The Rising Sun Collection
|Desert Eagle || Midnight Storm|,am_seastorm,468,The Rising Sun Collection
|Desert Eagle || Sunset Storm 壱|,am_seastorm_blood,469,The Rising Sun Collection
|Desert Eagle || Sunset Storm 弐|,am_seastorm_shojo,470,The Rising Sun Collection
|M4A4 || Daybreak|,am_kimono_sunrise,471,The Rising Sun Collection
|M249 || Impact Drill|,so_keycolors,472,The Chop Shop Collection
|MAG-7 || Seabird|,so_aqua,473,The Chop Shop Collection
|AK-47 || Aquamarine Revenge|,cu_ak47_courage_alt,474,The Falchion Collection
|AWP || Hyper Beast|,cu_awp_hyper_beast,475,The Falchion Collection
|CZ75-Auto || Yellow Jacket|,cu_cz75a_chastizer,476,The Falchion Collection
|FAMAS || Neural Net|,am_famas_dots,477,The Falchion Collection
|Galil AR || Rocket Pop|,cu_galilar_particles,478,The Falchion Collection
|Glock-18 || Bunsen Burner|,aq_glock18_flames_blue,479,The Falchion Collection
|M4A4 || Evil Daimyo|,cu_m4a4_evil_daimyo,480,The Falchion Collection
|MP7 || Nemesis|,cu_mp7_nemsis,481,The Falchion Collection
|MP9 || Ruby Poison Dart|,am_mp9_nitrogen,482,The Falchion Collection
|Negev || Loudmouth|,cu_negev_annihilator,483,The Falchion Collection
|Nova || Ranger|,cu_nova_ranger,484,The Falchion Collection
|P2000 || Handgun|,aq_p2000_boom,485,The Falchion Collection
|P90 || Elite Build|,cu_p90_mastery,486,The Falchion Collection
|SG 553 || Cyrex|,cu_sg553_cyrex,487,The Falchion Collection
|UMP-45 || Riot|,cu_ump45_uproar,488,The Falchion Collection
|USP-S || Torque|,cu_usp_progressiv,489,The Falchion Collection
|AK-47 || Frontside Misty|,cu_ak47_winter_sport,490,The Shadow Collection
|Dual Berettas || Dualing Dragons|,cu_dualberretta_dragons,491,The Shadow Collection
|FAMAS || Survivor Z|,cu_famas_lenta,492,The Shadow Collection
|G3SG1 || Flux|,gs_g3sg1_flux_purple,493,The Shadow Collection
|Galil AR || Stone Cold|,gs_galil_nightwing,494,The Shadow Collection
|Glock-18 || Wraiths|,gs_glock18_wrathys,495,The Shadow Collection
|M249 || Nebula Crusader|,gs_m249_nebula_crusader,496,The Shadow Collection
|M4A1-S || Golden Coil|,gs_m4a1s_snakebite_gold,497,The Shadow Collection
|MAC-10 || Rangeen|,cu_mac10_alekhya_duo,498,The Shadow Collection
|MAG-7 || Cobalt Core|,cu_mag7_myrcene,499,The Shadow Collection
|MP7 || Special Delivery|,cu_mp7_classified,500,The Shadow Collection
|P250 || Wingshot|,hy_p250_crackshot,501,The Shadow Collection
|SCAR-20 || Green Marine|,gs_scar20_peacemaker03,502,The Shadow Collection
|SSG 08 || Big Iron|,cu_ssg08_technicality,503,The Shadow Collection
|USP-S || Kill Confirmed|,cu_usp_kill_confirmed,504,The Shadow Collection
|XM1014 || Scumbria|,aq_xm1014_scumbria,505,The Shadow Collection
|AK-47 || Point Disarray|,cu_ak47_point_disarray,506,The Revolver Case Collection
|AUG || Ricochet|,am_aug_jumble,507,The Revolver Case Collection
|PP-Bizon || Fuel Rod|,cu_bizon_noxious,508,The Revolver Case Collection
|Desert Eagle || Corinthian|,aq_deagle_corinthian,509,The Revolver Case Collection
|Five-SeveN || Retrobution|,cu_fiveseven_retrobution,510,The Revolver Case Collection
|G3SG1 || The Executioner|,cu_g3sg1_executioner,511,The Revolver Case Collection
|M4A4 || Royal Paladin|,gs_m4a4_royal_squire,512,The Revolver Case Collection
|Negev || Power Loader|,cu_negev_impact,514,The Revolver Case Collection
|P2000 || Imperial|,am_p2000_imperial_red,515,The Revolver Case Collection
|P90 || Shapewood|,cu_p90_shapewood,516,The Revolver Case Collection
|Sawed-Off || Yorick|,gs_sawedoff_necromancer,517,The Revolver Case Collection
|SCAR-20 || Outbreak|,hy_scar20_jungler,518,The Revolver Case Collection
|SG 553 || Tiger Moth|,gs_sg553_tiger_moth,519,The Revolver Case Collection
|Tec-9 || Avalanche|,cu_tec9_avalanche,520,The Revolver Case Collection
|XM1014 || Teclu Burner|,aq_xm1014_hot_rod,521,The Revolver Case Collection
|R8 Revolver || Fade|,aa_fade_revolver,522,The Revolver Case Collection
|R8 Revolver || Amber Fade|,aa_fade_metallic_revolver,523,The Dust 2 Collection
|AK-47 || Fuel Injector|,gs_ak47_supercharged,524,The Wildfire Collection
|AWP || Elite Build|,cu_awp_mastery,525,The Wildfire Collection
|PP-Bizon || Photic Zone|,cu_bizon_citizen,526,The Wildfire Collection
|Desert Eagle || Kumicho Dragon|,aq_deserteagle_kumichodragon,527,The Wildfire Collection
|Dual Berettas || Cartel|,aq_dualberettas_cartel,528,The Wildfire Collection
|FAMAS || Valence|,aq_famas_contour,529,The Wildfire Collection
|Five-SeveN || Triumvirate|,cu_fiveseven_augmented,530,The Wildfire Collection
|Glock-18 || Royal Legion|,gs_glock18_award,532,The Wildfire Collection
|M4A4 || The Battlestar|,gs_m4a4_pioneer,533,The Wildfire Collection
|MAC-10 || Lapis Gator|,am_mac10_electricity,534,The Wildfire Collection
|MAG-7 || Praetorian|,gs_mag7_praetorian,535,The Wildfire Collection
|MP7 || Impire|,sp_mp7_impire,536,The Wildfire Collection
|Nova || Hyper Beast|,cu_nova_hyperbeast,537,The Wildfire Collection
|SSG 08 || Necropos|,cu_ssg08_necropos,538,The Wildfire Collection
|Tec-9 || Jambiya|,gs_tec9_jambiya,539,The Wildfire Collection
|USP-S || Lead Conduit|,gs_usp_voltage,540,The Wildfire Collection
|AUG || Fleet Flock|,cu_aug_swallows,541,The Chroma 3 Collection
|PP-Bizon || Judgement of Anubis|,cu_bizon_Curse,542,The Chroma 3 Collection
|CZ75-Auto || Red Astor|,gs_cz75a_redastor,543,The Chroma 3 Collection
|Dual Berettas || Ventilators|,gs_dualberettas_ventilators,544,The Chroma 3 Collection
|G3SG1 || Orange Crash|,sp_g3sg1_militiaorange,545,The Chroma 3 Collection
|Galil AR || Firefight|,gs_galilar_incenerator,546,The Chroma 3 Collection
|M249 || Spectre|,cu_m249_spectre,547,The Chroma 3 Collection
|M4A1-S || Chantico's Fire|,cu_m4a1s_soultaker,548,The Chroma 3 Collection
|MP9 || Bioleak|,am_mp9_bioleak,549,The Chroma 3 Collection
|P2000 || Oceanic|,hy_p2000_oceani,550,The Chroma 3 Collection
|P250 || Asiimov|,cu_p250_asiimov,551,The Chroma 3 Collection
|Sawed-Off || Fubar|,gs_sawedoff_fubar,552,The Chroma 3 Collection
|SG 553 || Atlas|,cu_sg553_atlas,553,The Chroma 3 Collection
|SSG 08 || Ghost Crusader|,gs_ssg08_armacore,554,The Chroma 3 Collection
|Tec-9 || Re-Entry|,am_tec9_redblast,555,The Chroma 3 Collection
|UMP-45 || Primal Saber|,cu_ump45_primalsaber,556,The Chroma 3 Collection
|XM1014 || Black Tie|,cu_xm1014_spectrum,557,The Chroma 3 Collection
|★ Bayonet || Lore|,cu_bayonet_lore,558,Unknown
|★ Flip Knife || Lore|,cu_flip_lore,559,Knife
|★ Gut Knife || Lore|,cu_gut_lore,560,Knife
|★ Karambit || Lore|,cu_karam_lore,561,Unknown
|★ M9 Bayonet || Lore|,cu_m9_bay_lore,562,Unknown
|★ Bayonet || Black Laminate|,cu_bayonet_stonewash,563,Unknown
|★ Flip Knife || Black Laminate|,cu_flip_stonewash,564,Knife
|★ Gut Knife || Black Laminate|,cu_gut_stonewash,565,Knife
|★ Karambit || Black Laminate|,cu_karam_stonewash,566,Unknown
|★ M9 Bayonet || Black Laminate|,cu_m9_bay_stonewash,567,Unknown
|★ Shadow Daggers || Gamma Doppler|,am_emerald_marbleized,568,Unknown
|★ Gut Knife || Gamma Doppler|,am_gamma_doppler_phase1,569,Knife
|★ Gut Knife || Gamma Doppler|,am_gamma_doppler_phase2,570,Knife
|★ Gut Knife || Gamma Doppler|,am_gamma_doppler_phase3,571,Knife
|★ Gut Knife || Gamma Doppler|,am_gamma_doppler_phase4,572,Knife
|★ Bayonet || Autotronic|,gs_bayonet_autotronic,573,Unknown
|★ Flip Knife || Autotronic|,gs_flip_autotronic,574,Knife
|★ Gut Knife || Autotronic|,gs_gut_autotronic,575,Knife
|★ Karambit || Autotronic|,gs_karam_autotronic,576,Unknown
|★ M9 Bayonet || Autotronic|,gs_m9_bay_autotronic,577,Unknown
|★ Gut Knife || Bright Water|,hy_ocean_knife,578,Knife
|★ Shadow Daggers || Bright Water|,hy_ocean_knife_90,579,Unknown
|★ Gut Knife || Freehand|,am_marked_up,580,Knife
|★ Shadow Daggers || Freehand|,am_marked_up_90,581,Unknown
|★ Karambit || Freehand|,am_marked_up_fine,582,Unknown
|AUG || Aristocrat|,gs_aug_aristocrat,583,The Gamma Collection
|AWP || Phobos|,gs_awp_phobos,584,The Gamma Collection
|Five-SeveN || Violent Daimyo|,cu_five_seven_daimyo,585,The Gamma Collection
|Glock-18 || Wasteland Rebel|,cu_glock_wasteland_rebel,586,The Gamma Collection
|M4A1-S || Mecha Industries|,gs_m4a1_mecha_industries,587,The Gamma Collection
|M4A4 || Desolate Space|,cu_m4a4_desolate_space,588,The Gamma Collection
|MAC-10 || Carnivore|,aq_mac_10_alien_camo,589,The Gamma Collection
|Nova || Exo|,aq_nova_sci_fi,590,The Gamma Collection
|P2000 || Imperial Dragon|,gs_p2000_imperial_dragon,591,The Gamma Collection
|P250 || Iron Clad|,gs_p250_metal_panels,592,The Gamma Collection
|P90 || Chopper|,gs_p90_full_throttle,593,The Gamma Collection
|PP-Bizon || Harvester|,gs_pp_bizon_harvester,594,The Gamma Collection
|R8 Revolver || Reboot|,cu_r8_cybersport,595,The Gamma Collection
|Sawed-Off || Limelight|,cu_sawed_off_lime,596,The Gamma Collection
|SCAR-20 || Bloodsport|,gs_scar20_bloodsport,597,The Gamma Collection
|SG 553 || Aerial|,cu_sg553_aerial,598,The Gamma Collection
|Tec-9 || Ice Cap|,am_tec_9_sea_salt,599,The Gamma Collection
|AK-47 || Neon Revolution|,cu_ak47_anarchy,600,The Gamma 2 Collection
|AUG || Syd Mead|,gs_aug_syd_mead,601,The Gamma 2 Collection
|CZ75-Auto || Imprint|,gs_cz75_tread,602,The Gamma 2 Collection
|Desert Eagle || Directive|,aq_desert_eagle_constable,603,The Gamma 2 Collection
|FAMAS || Roll Cage|,gs_famas_rally,604,The Gamma 2 Collection
|Five-SeveN || Scumbria|,aq_five_seven_scumbria,605,The Gamma 2 Collection
|G3SG1 || Ventilator|,gs_g3sg1_ventilator,606,The Gamma 2 Collection
|Glock-18 || Weasel|,cu_glock18_weasel,607,The Gamma 2 Collection
|MAG-7 || Petroglyph|,cu_mag7_tribal,608,The Gamma 2 Collection
|MP9 || Airlock|,cu_mp9_narcis,609,The Gamma 2 Collection
|Negev || Dazzle|,hy_negev_dazzle,610,The Gamma 2 Collection
|P90 || Grim|,cu_p90_grimm,611,The Gamma 2 Collection
|SCAR-20 || Powercore|,gs_scar20_powercore,612,The Gamma 2 Collection
|SG 553 || Triarch|,cu_sg556_triarch,613,The Gamma 2 Collection
|Tec-9 || Fuel Injector|,gs_tec9_supercharged,614,The Gamma 2 Collection
|UMP-45 || Briefing|,cu_ump45_metritera,615,The Gamma 2 Collection
|XM1014 || Slipstream|,hy_xm1014_fractal_blue,616,The Gamma 2 Collection
|★ Shadow Daggers || Doppler|,am_blackpearl_marbleized_b,617,Unknown
|★ Shadow Daggers || Doppler|,am_doppler_phase2_b,618,Unknown
|★ Shadow Daggers || Doppler|,am_sapphire_marbleized_b,619,Unknown
|★ Huntsman Knife || Ultraviolet|,cu_purple_huntsman,620,Knife
|★ Falchion Knife || Ultraviolet|,so_purple_falchion,621,Knife
|CZ75-Auto || Polymer|,am_czv2_mf,622,The Glove Collection
|Glock-18 || Ironwork|,aq_glock_dark-fall,623,The Glove Collection
|SSG 08 || Dragonfire|,cu_ssg08_dragonfire_scope,624,The Glove Collection
|Dual Berettas || Royal Consorts|,gs_dual_berettas_golden_venice,625,The Glove Collection
|FAMAS || Mecha Industries|,gs_famas_mecha,626,The Glove Collection
|MP7 || Cirrus|,gs_final_pooldeadv2,627,The Glove Collection
|G3SG1 || Stinger|,gs_g3sg1_viper_yellow,628,The Glove Collection
|Galil AR || Black Sand|,cu_galil_ar-camo,629,The Glove Collection
|MP9 || Sand Scale|,aa_hide-mp9,630,The Glove Collection
|M4A1-S || Flashback|,cu_m4a1_flashback,631,The Glove Collection
|M4A4 || Buzz Kill|,gs_m4a4_sector,632,The Glove Collection
|MAG-7 || Sonar|,am_mag7_malform,633,The Glove Collection
|Nova || Gila|,am_nova_sand,634,The Glove Collection
|P2000 || Turf|,gs_p2000-sport,635,The Glove Collection
|P90 || Shallow Grave|,gs_p90_shallow_grave,636,The Glove Collection
|USP-S || Cyrex|,cu_usp_cyrex,637,The Glove Collection
|Sawed-Off || Wasteland Princess|,cu_wp_sawedoff,638,The Glove Collection
|AK-47 || Bloodsport|,gs_ak47_bloodsport,639,The Spectrum Collection
|AWP || Fever Dream|,cu_awp_psychopath,640,The Spectrum Collection
|PP-Bizon || Jungle Slipstream|,hy_bizon_torn_green,641,The Spectrum Collection
|SCAR-20 || Blueprint|,cu_blueprint_scar,642,The Spectrum Collection
|CZ75-Auto || Xiangliu|,gs_cz_snakes_purple,643,The Spectrum Collection
|M4A1-S || Decimator|,gs_m4a1_decimator,644,The Spectrum Collection
|Desert Eagle || Oxide Blaze|,cu_desert_eagle_corroden,645,The Spectrum Collection
|Five-SeveN || Capillary|,cu_fiveseven_vein,646,The Spectrum Collection
|Galil AR || Crimson Tsunami|,sp_galil_wave,647,The Spectrum Collection
|M249 || Emerald Poison Dart|,sp_m249_frog_original,648,The Spectrum Collection
|MP7 || Akoben|,sp_mp7_tribal_yellow,649,The Spectrum Collection
|P250 || Ripple|,am_p250_sputnik,650,The Spectrum Collection
|MAC-10 || Last Dive|,aa_mac10_the_last_dive,651,The Spectrum Collection
|UMP-45 || Scaffold|,gs_ump_abyss,652,The Spectrum Collection
|USP-S || Neo-Noir|,cu_usps_noir,653,The Spectrum Collection
|XM1014 || Seasons|,aq_xm_leaf_fade,654,The Spectrum Collection
|Sawed-Off || Zander|,aq_sawedoff_zander2,655,The Spectrum Collection
|AK-47 || Orbit Mk01|,gs_ak_colony01_red,656,The Operation Hydra Collection
|USP-S || Blueprint|,cu_usps_blueprint,657,The Operation Hydra Collection
|Dual Berettas || Cobra Strike|,gs_dualberettas_cobra,658,The Operation Hydra Collection
|FAMAS || Macabre|,sp_famas_macabre,659,The Operation Hydra Collection
|Five-SeveN || Hyper Beast|,cu_fiveseven_hyperbeast,660,The Operation Hydra Collection
|Galil AR || Sugar Rush|,cu_galil_candychaos,661,The Operation Hydra Collection
|AWP || Oni Taiji|,cu_awp_hannya,662,The Operation Hydra Collection
|M4A1-S || Briefing|,cu_m4a1s_metritera,663,The Operation Hydra Collection
|M4A4 || Hellfire|,cu_m4a4_hellfire,664,The Operation Hydra Collection
|MAC-10 || Aloha|,am_mac10_aloha,665,The Operation Hydra Collection
error: skin not found,am_mag7_caustic,666,666
|P2000 || Woodsman|,cu_p2000_hunter,667,The Operation Hydra Collection
|P250 || Red Rock|,cu_p250_axiom,668,The Operation Hydra Collection
|P90 || Death Grip|,hy_p90_barebones_blue,669,The Operation Hydra Collection
|SSG 08 || Death's Head|,cu_ssg08_deathshead,670,The Operation Hydra Collection
|Tec-9 || Cut Out|,aq_tec9_chalk_pattern,671,The Operation Hydra Collection
|UMP-45 || Metal Flowers|,aq_ump45_flameflower,672,The Operation Hydra Collection
|Sawed-Off || Morris|,aq_sawed-off_flower,673,The Spectrum 2 Collection
|AUG || Triqua|,cu_aug_orange_triangle,674,The Spectrum 2 Collection
|AK-47 || The Empress|,gs_ak47_empress,675,The Spectrum 2 Collection
|PP-Bizon || High Roller|,cu_bizon_all_in,676,The Spectrum 2 Collection
|G3SG1 || Hunter|,gs_g3sg1_cetme_redux,677,The Spectrum 2 Collection
|P250 || See Ya Later|,cu_p250_cybercroc,678,The Spectrum 2 Collection
|MP9 || Goo|,cu_mp9_goo,679,The Spectrum 2 Collection
|Glock-18 || Off World|,cu_glock_indigo,680,The Spectrum 2 Collection
|M4A1-S || Leaded Glass|,gs_m4a1_shatter,681,The Spectrum 2 Collection
|MAC-10 || Oceanic|,am_mac10_oceani,682,The Spectrum 2 Collection
|R8 Revolver || Llama Cannon|,gs_r8_llamacannon,683,The Spectrum 2 Collection
|Tec-9 || Cracked Opal|,cu_tec9_cracked_opal,684,The Spectrum 2 Collection
|SCAR-20 || Jungle Slipstream|,hy_scar20_jungle_slipstream,685,The Spectrum 2 Collection
|SG 553 || Phantom|,gs_sg553_phantom,686,The Spectrum 2 Collection
|CZ75-Auto || Tacticat|,gs_cz75_tacticat,687,The Spectrum 2 Collection
|UMP-45 || Exposure|,cu_ump45_x-ray_machine,688,The Spectrum 2 Collection
|XM1014 || Ziggy|,aq_xm1014_ziggy_anarchy,689,The Spectrum 2 Collection
|AUG || Stymphalian|,gs_aug_stymphalian_birds,690,The Clutch Collection
|AWP || Mortis|,gs_awp_death,691,The Clutch Collection
|PP-Bizon || Night Riot|,cu_bizon_riot,692,The Clutch Collection
|Five-SeveN || Flame Test|,gs_fiveseven_hot_rod_violet,693,The Clutch Collection
|Glock-18 || Moonrise|,aa_glock_18_urban_moon_fever,694,The Clutch Collection
|M4A4 || Neo-Noir|,cu_m4a4_neo_noir,695,The Clutch Collection
|MP7 || Bloodsport|,gs_mp7_bloodsport,696,The Clutch Collection
|MP9 || Black Sand|,cu_mp9_black_sand,697,The Clutch Collection
|Negev || Lionfish|,sp_negev_lionfish,698,The Clutch Collection
|Nova || Wild Six|,gs_nova_anchorite,699,The Clutch Collection
|P2000 || Urban Hazard|,cu_p2000_urban_hazard,700,The Clutch Collection
|R8 Revolver || Grip|,gs_revolver_tread,701,The Clutch Collection
|SG 553 || Aloha|,sp_sg533_aloha,702,The Clutch Collection
|MAG-7 || SWAG-7|,aq_mag7_swag7,703,The Clutch Collection
|UMP-45 || Arctic Wolf|,cu_ump45_white_fang,704,The Clutch Collection
|USP-S || Cortex|,cu_usp_cut,705,The Clutch Collection
|XM1014 || Oxide Blaze|,cu_xm1014_oxide_blaze,706,The Clutch Collection
|AK-47 || Neon Rider|,cu_ak_neon_rider,707,The Horizon Collection
|AUG || Amber Slipstream|,hy_aug_torn_orange,708,The Horizon Collection
|CZ75-Auto || Eco|,cu_cz75_eco,709,The Horizon Collection
|Dual Berettas || Shred|,sp_elites_winter_raider,710,The Horizon Collection
|Desert Eagle || Code Red|,gs_deagle_aggressor,711,The Horizon Collection
|G3SG1 || High Seas|,gs_g3sg1_buccaneer,712,The Horizon Collection
|Glock-18 || Warhawk|,gs_glock_thunder_dust,713,The Horizon Collection
|M4A1-S || Nightmare|,cu_m4a1s_nightmare,714,The Horizon Collection
|MP9 || Capillary|,cu_mp9_vein,715,The Horizon Collection
|Nova || Toy Soldier|,cu_nova_toy_soldier,716,The Horizon Collection
|P90 || Traction|,gs_p90_tread,717,The Horizon Collection
|AWP || PAW|,am_awp_pawpaw,718,The Horizon Collection
|MP7 || Powercore|,gs_powercore_mp7,719,The Horizon Collection
|Sawed-Off || Devourer|,cu_sawedoff_devourer,720,The Horizon Collection
|R8 Revolver || Survivalist|,cu_r8_survivalist,721,The Horizon Collection
|Tec-9 || Snek-9|,cu_tec9_snake,722,The Horizon Collection
|FAMAS || Eye of Athena|,cu_famas_owl_orange,723,The Horizon Collection
|AK-47 || Wild Lotus|,cu_ak_island_floral,724,The St. Marc Collection
|UMP-45 || Day Lily|,hy_bloom_red,725,The St. Marc Collection
|P90 || Sunset Lily|,sp_bloom_orange,726,The St. Marc Collection
|AUG || Midnight Lily|,am_bloom_blue,727,The St. Marc Collection
|MP7 || Teal Blossom|,sp_bud_green,728,The St. Marc Collection
|Five-SeveN || Crimson Blossom|,hy_bud_red,729,The St. Marc Collection
|M4A4 || Dark Blossom|,sp_bud_blue,730,The St. Marc Collection
|XM1014 || Banana Leaf|,hy_leaf_green,731,The St. Marc Collection
|Glock-18 || Synth Leaf|,hy_leaf_blue,732,The St. Marc Collection
|Tec-9 || Rust Leaf|,sp_leaf_orange,733,The St. Marc Collection
|MP9 || Wild Lily|,cu_mp9_island_floral,734,The St. Marc Collection
|★ Navaja Knife || Night Stripe|,sp_nightstripe,735,Knife
|AWP || The Prince|,gs_awp_enamel,736,The Canals Collection
|MAG-7 || Cinquedea|,gs_mag7_glass,737,The Canals Collection
|Tec-9 || Orange Murano|,hy_murano_orange,738,The Canals Collection
|G3SG1 || Violet Murano|,am_murano_violet,739,The Canals Collection
|AUG || Navy Murano|,hy_murano_blue,740,The Canals Collection
|P250 || Dark Filigree|,am_ren_dark,741,The Canals Collection
|MAC-10 || Red Filigree|,am_ren_red,742,The Canals Collection
|SSG 08 || Orange Filigree|,hy_ren_orange,743,The Canals Collection
|P90 || Baroque Red|,am_veneto_red,744,The Canals Collection
|AK-47 || Baroque Purple|,hy_veneto_purple,745,The Canals Collection
|Nova || Baroque Orange|,am_veneto2,746,The Canals Collection
|Dual Berettas || Twin Turbo|,cu_dual_elites_rally,747,The 2018 Inferno Collection
|MAC-10 || Calf Skin|,gs_mac10_checker,748,The 2018 Inferno Collection
|P250 || Vino Primo|,gs_p250_checker,749,The 2018 Inferno Collection
|SG 553 || Integrale|,cu_sg553_rally,750,The 2018 Inferno Collection
|SSG 08 || Hand Brake|,gs_ssg08_checker,751,The 2018 Inferno Collection
|MP7 || Fade|,aa_fade_mp7,752,The 2018 Inferno Collection
|MP5-SD || Dirt Drop|,sp_tape_short_rally,753,The 2018 Inferno Collection
|MAG-7 || Rust Coat|,aq_steel_inferno,754,The 2018 Inferno Collection
|MP9 || Slide|,hy_splatter3,755,The 2018 Inferno Collection
|AWP || Gungnir|,gs_awp_gungnir,756,The Norse Collection
|Desert Eagle || Emerald Jörmungandr|,am_jorm_green,757,The Norse Collection
|AUG || Flame Jörmungandr|,am_jorm_orange,758,The Norse Collection
|P90 || Astral Jörmungandr|,am_jorm_blue,759,The Norse Collection
|XM1014 || Frost Borre|,am_knots_silver,760,The Norse Collection
|MAC-10 || Copper Borre|,am_knots_brown,761,The Norse Collection
|SSG 08 || Red Stone|,so_rune_stone,762,The Norse Collection
|Negev || Mjölnir|,gs_negev_thor,763,The Norse Collection
|Desert Eagle || Fennec Fox|,gs_deagle_fennec,764,The 2021 Mirage Collection
|SG 553 || Desert Blossom|,aa_desert_bloom_bright,765,The 2021 Mirage Collection
|PP-Bizon || Facility Sketch|,hy_blueprint_white,775,The 2018 Nuke Collection
|P90 || Facility Negative|,hy_blueprint_aqua,776,The 2018 Nuke Collection
|P250 || Facility Draft|,hy_blueprint_red,777,The 2018 Nuke Collection
|UMP-45 || Facility Dark|,hy_blueprint_bluered,778,The 2018 Nuke Collection
|AUG || Random Access|,am_circuitboard_orange,779,The 2018 Nuke Collection
|M4A4 || Mainframe|,am_circuitboard_silver,780,The 2018 Nuke Collection
|MP5-SD || Co-Processor|,am_circuitboard_aqua,781,The 2018 Nuke Collection
|MP7 || Motherboard|,am_circuitboard_green,782,The 2018 Nuke Collection
|Negev || Bulkhead|,hy_ducts_yellow,783,The 2018 Nuke Collection
|Five-SeveN || Coolant|,hy_ducts_green,784,The 2018 Nuke Collection
|Nova || Mandrel|,hy_ducts_grey,785,The 2018 Nuke Collection
|P250 || Exchanger|,hy_ducts_blue,786,The 2018 Nuke Collection
|MAG-7 || Core Breach|,hy_nuclear_hotorange,787,The 2018 Nuke Collection
|AWP || Acheron|,hy_nuclear_skulls_redblue,788,The 2018 Nuke Collection
|Glock-18 || Nuclear Garden|,am_nuclear_skulls_green,789,The 2018 Nuke Collection
|Galil AR || Cold Fusion|,hy_nuclear_skulls_aqua,790,The 2018 Nuke Collection
|Tec-9 || Remote Control|,gs_tec9_envoy,791,The 2018 Nuke Collection
|M4A1-S || Control Panel|,gs_m4a1s_operator,792,The 2018 Nuke Collection
|M4A4 || Converter|,hy_red_hex,793,The 2018 Inferno Collection
|AUG || Sweeper|,sp_mesh_safetyblack,794,The 2018 Inferno Collection
|Tec-9 || Safety Net|,hy_mesh_safetyorange,795,The 2021 Train Collection
|USP-S || Check Engine|,sp_mesh_safetyred,796,The 2018 Inferno Collection
|Sawed-Off || Brake Light|,aa_vertigo_red,797,The 2018 Inferno Collection
|R8 Revolver || Nitro|,so_orange_accents3,798,The 2018 Inferno Collection
|Glock-18 || High Beam|,aa_vertigo_blue,799,The 2018 Inferno Collection
|MP5-SD || Lab Rats|,hy_labrat_mp5,800,The Blacksite Collection
|AK-47 || Asiimov|,cu_ak47_asiimov,801,The Danger Zone Collection
|UMP-45 || Momentum|,cu_ump_arrows,802,The Danger Zone Collection
|AWP || Neo-Noir|,cu_awp_neonoir,803,The Danger Zone Collection
|MP9 || Modest Threat|,gs_mp9_colony01,804,The Danger Zone Collection
|Desert Eagle || Mecha Industries|,gs_deagle_mecha,805,The Danger Zone Collection
|G3SG1 || Scavenger|,gs_g3sg1_savage,806,The Danger Zone Collection
|Galil AR || Signal|,hy_galil_signal_red,807,The Danger Zone Collection
|Glock-18 || Oxide Blaze|,cu_glock18_corroden,808,The Danger Zone Collection
|Nova || Wood Fired|,gs_nova_hunter_brute,809,The Danger Zone Collection
|MP5-SD || Phosphor|,gs_mp5_festival_drip,810,The Danger Zone Collection
|M4A4 || Magnesium|,gs_m4a4_chopper_ghost,811,The Danger Zone Collection
|MAC-10 || Pipe Down|,gs_mac10_exo_pipes,812,The Danger Zone Collection
|P250 || Nevermore|,aa_p250_gravediggers,813,The Danger Zone Collection
|Sawed-Off || Black Sand|,cu_sawedoff_black_sand,814,The Danger Zone Collection
|SG 553 || Danger Close|,gs_sg553_over_heated,815,The Danger Zone Collection
|Tec-9 || Fubar|,gs_tec9_fubar,816,The Danger Zone Collection
|USP-S || Flashback|,cu_usp_flashback,817,The Danger Zone Collection
|USP-S || Purple DDPAT|,am_ddpat_purple,818,The 2021 Mirage Collection
|AWP || Desert Hydra|,gs_awp_hydra,819,The 2021 Mirage Collection
|MP9 || Music Box|,am_mirage_flowers_metalic,820,The 2021 Mirage Collection
|XM1014 || Elegant Vines|,am_moro_textile_bright,821,The 2021 Mirage Collection
|MAG-7 || Navy Sheen|,am_navy_shine,822,The 2021 Mirage Collection
|AUG || Sand Storm|,gs_aug_sand_storm,823,The 2021 Mirage Collection
|Dual Berettas || Drift Wood|,sp_dry_wood,824,The 2021 Mirage Collection
|P250 || Drought|,sp_desert_skulls_dawn,825,The 2021 Mirage Collection
|MAC-10 || Sienna Damask|,sp_mirage_flowers_tan,826,The 2021 Mirage Collection
|M249 || Humidor|,sp_moro_carving_burnt,827,The 2021 Mirage Collection
|P90 || Verdant Growth|,sp_moro_textile_green_vine,828,The 2021 Mirage Collection
|PP-Bizon || Anolis|,hy_lizard_skin,829,The 2021 Mirage Collection
|FAMAS || Crypsis|,sp_famas_ghost_insects,835,The Prisma Collection
|AK-47 || Uncharted|,cu_ak47_aztec,836,The Prisma Collection
|Five-SeveN || Angry Mob|,cu_five_seven_angry,837,The Prisma Collection
|AWP || Atheris|,cu_awp_viper,838,The Prisma Collection
|Tec-9 || Bamboozle|,cu_tec9_bamboo,839,The Prisma Collection
|MAC-10 || Whitefish|,gs_mac10_fish_bait,840,The Prisma Collection
|Desert Eagle || Light Rail|,gs_deagle_exo,841,The Prisma Collection
|Galil AR || Akoben|,sp_galil_akoben,842,The Prisma Collection
|R8 Revolver || Skull Crusher|,cu_revolver_oppressor,843,The Prisma Collection
|M4A4 || The Emperor|,gs_m4a4_emperor,844,The Prisma Collection
|AUG || Momentum|,cu_aug_momentum,845,The Prisma Collection
|MP5-SD || Gauss|,gs_mp5sd_astromatic,846,The Prisma Collection
|MP7 || Mischief|,cu_mp7_racketeer,847,The Prisma Collection
|P250 || Verdigris|,aq_p250_verdigris,848,The Prisma Collection
|P90 || Off World|,cu_p90_offworld,849,The Prisma Collection
|XM1014 || Incinegator|,cu_xm1014_incinerator,850,The Prisma Collection
|UMP-45 || Moonrise|,aa_ump45_moonrise_sunset,851,The Prisma Collection
|★ Talon Knife || Doppler|,am_doppler_phase1_widow,852,Knife
|★ Talon Knife || Doppler|,am_doppler_phase2_widow,853,Knife
|★ Talon Knife || Doppler|,am_doppler_phase3_widow,854,Knife
|★ Talon Knife || Doppler|,am_doppler_phase4_widow,855,Knife
|★ Talon Knife || Marble Fade|,am_marble_fade_widow,856,Knife
|★ Navaja Knife || Damascus Steel|,aq_damascus_prisma,857,Knife
|★ Talon Knife || Damascus Steel|,aq_damascus_widow,858,Knife
|CZ75-Auto || Emerald Quartz|,am_crystallized_green,859,The Norse Collection
|Dual Berettas || Pyre|,hy_gelpen_dark,860,The Norse Collection
|SG 553 || Barricade|,sp_asgard_wall,861,The Norse Collection
|M4A1-S || Moss Quartz|,am_crystallized_dark_green,862,The Norse Collection
|FAMAS || Night Borre|,sp_knots_blue,863,The Norse Collection
|SG 553 || Candy Apple|,so_red_sg553,864,The Canals Collection
|SCAR-20 || Stone Mosaico|,hy_canals_tile,865,The Canals Collection
|R8 Revolver || Canal Spray|,sp_spray_water,866,The Canals Collection
|MP9 || Stained Glass|,am_stained_glass,867,The Canals Collection
|SSG 08 || Sea Calico|,hy_flowers_stmarc,868,The St. Marc Collection
|FAMAS || Sundown|,sp_palm_sunset,869,The St. Marc Collection
|Sawed-Off || Jungle Thicket|,sp_palm_green,870,The St. Marc Collection
|MAC-10 || Surfwood|,sp_twigs_beach,871,The St. Marc Collection
|MP5-SD || Bamboo Garden|,hy_bamboo_stmarc,872,The St. Marc Collection
|PP-Bizon || Seabird|,so_aqua_stmarc,873,The St. Marc Collection
|UMP-45 || Fade|,aa_fade_ump,879,The 2021 Dust 2 Collection
|Sawed-Off || Parched|,hy_desert_bloom,880,The 2021 Dust 2 Collection
|PP-Bizon || Embargo|,cu_bizon_road_warrior,884,The Shattered Web Collection
|AK-47 || Rat Rod|,gs_ak47_nibbler,885,The Shattered Web Collection
|AUG || Arctic Wolf|,cu_aug_whitefang,886,The Shattered Web Collection
|AWP || Containment Breach|,cu_awp_virus,887,The Shattered Web Collection
|MP5-SD || Acid Wash|,gs_mp5_etch,888,The Shattered Web Collection
|Tec-9 || Decimator|,gs_tec9_decimator,889,The Shattered Web Collection
|Nova || Plume|,cu_nova_featherswing,890,The Shattered Web Collection
|G3SG1 || Black Sand|,cu_g3sg1_blacksand,891,The Shattered Web Collection
|R8 Revolver || Memento|,gs_r8_memento,892,The Shattered Web Collection
|MP7 || Neon Ply|,cu_mp7_replica,893,The Shattered Web Collection
|P2000 || Obsidian|,cu_p2000_obsidian,894,The Shattered Web Collection
|Dual Berettas || Balance|,gs_dual_elites_rose,895,The Shattered Web Collection
|SCAR-20 || Torn|,sp_scar20_striker_dust,896,The Shattered Web Collection
|SG 553 || Colony IV|,cu_sg553_reactor,897,The Shattered Web Collection
|MAC-10 || Stalker|,gs_mac10_stalker,898,The Shattered Web Collection
|SSG 08 || Bloodshot|,cu_ssg08_tickler,899,The Shattered Web Collection
|M249 || Warbird|,gs_m249_warbird_veteran,900,The Shattered Web Collection
|M249 || Aztec|,aq_m249_aztec,902,The CS20 Collection
|Dual Berettas || Elite 1.6|,gs_dual_elites_classic,903,The CS20 Collection
|FAMAS || Decommissioned|,cu_famas_nuke_tension,904,The CS20 Collection
|Tec-9 || Flash Out|,cu_tec9_flash,905,The CS20 Collection
|Five-SeveN || Buddy|,cu_fiveseven_gsg9,906,The CS20 Collection
|P250 || Inferno|,gs_p250_inferno,907,The CS20 Collection
|MAC-10 || Classic Crate|,gs_mac10_dust_crate,908,The CS20 Collection
|MAG-7 || Popdog|,gs_mag7_popdog,909,The CS20 Collection
|MP9 || Hydra|,cu_mp9_hydra,910,The CS20 Collection
|P90 || Nostalgia|,cu_p90_nostalgia,911,The CS20 Collection
|AUG || Death by Puppy|,am_aug_death_by_doggy,913,The CS20 Collection
|SCAR-20 || Assault|,cu_scar_assault,914,The CS20 Collection
|MP5-SD || Agent|,gs_mp5_fbi,915,The CS20 Collection
|UMP-45 || Plastique|,cu_ump_bomb,916,The CS20 Collection
|AWP || Wildfire|,cu_awp_wildfire,917,The CS20 Collection
|Glock-18 || Sacrifice|,cu_glock_hero,918,The CS20 Collection
|FAMAS || Commemoration|,gs_famas_legacy_gold,919,The CS20 Collection
|Negev || Boroque Sand|,hy_veneto_tan,920,The Canals Collection
|AK-47 || Gold Arabesque|,gs_ak47_gold_arabesque,921,The 2021 Dust 2 Collection
|USP-S || Orange Anolis|,am_lizard_red,922,The 2021 Dust 2 Collection
|MP5-SD || Oxide Oasis|,gs_mp5_neon_flektarn,923,The 2021 Mirage Collection
|R8 Revolver || Desert Brush|,hy_brush_camo_tan,924,The 2021 Dust 2 Collection
|P90 || Desert DDPAT|,hy_ddpat_desert,925,The 2021 Dust 2 Collection
|M4A4 || Red DDPAT|,hy_ddpat_urban_red,926,The 2021 Dust 2 Collection
|AUG || Spalted Wood|,hy_dry_wood,927,The 2021 Dust 2 Collection
|P250 || Black & Tan|,hy_desert_multicam,928,The 2021 Dust 2 Collection
|Nova || Quick Sand|,hy_torn_camo_paints,929,The 2021 Dust 2 Collection
|G3SG1 || New Roots|,sp_moro_carving_lightblue,930,The 2021 Dust 2 Collection
|MP9 || Old Roots|,sp_moro_carving_yellow,931,The 2021 Dust 2 Collection
|Five-SeveN || Withered Vine|,sp_moro_textile_purple_yellow,932,The 2021 Dust 2 Collection
|M249 || Midnight Palm|,sp_palm_night,933,The 2021 Dust 2 Collection
|SG 553 || Bleached|,sp_desert_skulls,934,The 2021 Dust 2 Collection
|SSG 08 || Prey|,sp_zebracam_red,935,The 2021 Mirage Collection
|AK-47 || Phantom Disruptor|,cu_ak-47_phantom_disruptor,941,The Prisma 2 Collection
|AUG || Tom Cat|,gs_aug_thunderstorm,942,The Prisma 2 Collection
|AWP || Capillary|,cu_awp_vein,943,The Prisma 2 Collection
|CZ75-Auto || Distressed|,cu_cz75_cerakote,944,The Prisma 2 Collection
|Desert Eagle || Blue Ply|,cu_deagle_replica,945,The Prisma 2 Collection
|M4A1-S || Player Two|,cu_m4a1s_csgo2048,946,The Prisma 2 Collection
|MAC-10 || Disco Tech|,cu_mac10_nacre,947,The Prisma 2 Collection
|MAG-7 || Justice|,gs_mag7_justice,948,The Prisma 2 Collection
|MP5-SD || Desert Strike|,cu_mp5_desert_strike,949,The Prisma 2 Collection
|Negev || Prototype|,cu_negev_prototype,950,The Prisma 2 Collection
|P2000 || Acid Etched|,aq_p2000_acid_clover,951,The Prisma 2 Collection
|R8 Revolver || Bone Forged|,gs_r8_leviathan,952,The Prisma 2 Collection
|Sawed-Off || Apocalypto|,cu_sawedoff_apocalypto,953,The Prisma 2 Collection
|SCAR-20 || Enforcer|,gs_scar20_enforcer,954,The Prisma 2 Collection
|SG 553 || Darkwing|,cu_sg553_darkwing,955,The Prisma 2 Collection
|SSG 08 || Fever Dream|,cu_ssg08_fever_dream,956,The Prisma 2 Collection
|Glock-18 || Bullet Queen|,cu_glock18_warmaiden,957,The Prisma 2 Collection
|Negev || Ultralight|,cu_negev_ultralight,958,The Fracture Collection
|AK-47 || Legion of Anubis|,cu_ak47_anubis,959,The Fracture Collection
|P2000 || Gnarled|,aq_p2000_lost_world,960,The Fracture Collection
|MAG-7 || Monster Call|,cu_mag7_monster_call,961,The Fracture Collection
|Desert Eagle || Printstream|,cu_deag_printstream,962,The Fracture Collection
|Glock-18 || Vogue|,cu_glock_eyecontact,963,The Fracture Collection
|Tec-9 || Brother|,gs_tec9_guerilla,964,The Fracture Collection
|MAC-10 || Allure|,cu_mac10_isoonna,965,The Fracture Collection
|SG 553 || Ol' Rusty|,gs_sg553_rusty,966,The Fracture Collection
|SSG 08 || Mainframe 001|,cu_ssg08_mainframe,967,The Fracture Collection
|P250 || Cassette|,cu_p250_cassette,968,The Fracture Collection
|P90 || Freight|,gs_p90_container,969,The Fracture Collection
|XM1014 || Entombed|,cu_xm1014_amulet_blue,970,The Fracture Collection
|M4A4 || Tooth Fairy|,cu_m4a4_queenfairy,971,The Fracture Collection
|Galil AR || Connexion|,gs_galil_phoenix,972,The Fracture Collection
|PP-Bizon || Runic|,gs_bizon_hellraider,973,The Fracture Collection
|MP5-SD || Kitbash|,gs_mp5sd_wasteland_legacy,974,The Fracture Collection
|AWP || Exoskeleton|,gs_awp_exoskeleton,975,The Operation Broken Fang Collection
|CZ75-Auto || Vendetta|,gs_cz75_vendetta,976,The Operation Broken Fang Collection
|P90 || Cocoa Rampage|,hy_p90_dino_rampage,977,The Operation Broken Fang Collection
|Dual Berettas || Dezastre|,gs_dual_elites_dezastre,978,The Operation Broken Fang Collection
|Five-SeveN || Fairy Tale|,cu_five_seven_diary,979,The Operation Broken Fang Collection
|G3SG1 || Digital Mesh|,gs_g3sg1_disrupt,980,The Operation Broken Fang Collection
|Galil AR || Vandal|,gs_galil_vandal,981,The Operation Broken Fang Collection
|P250 || Contaminant|,cu_p250_infect,982,The Operation Broken Fang Collection
|M249 || Deep Relief|,cu_m249_deep_relief,983,The Operation Broken Fang Collection
|M4A1-S || Printstream|,cu_m4a1s_printstream,984,The Operation Broken Fang Collection
|M4A4 || Cyber Security|,cu_m4a4_cyberpunk,985,The Operation Broken Fang Collection
|MP5-SD || Condition Zero|,gs_mp5_conditionzero,986,The Operation Broken Fang Collection
|Nova || Clear Polymer|,cu_nova_polymer,987,The Operation Broken Fang Collection
|Glock-18 || Neo-Noir|,cu_glock_noir,988,The Operation Broken Fang Collection
|SSG 08 || Parallax|,cu_ssg08_chromatic,989,The Operation Broken Fang Collection
|UMP-45 || Gold Bismuth|,gs_ump_gold_bismuth,990,The Operation Broken Fang Collection
|USP-S || Monster Mashup|,cu_usp_krokos,991,The Operation Broken Fang Collection
|Desert Eagle || The Bronze|,am_numbers_bronze,992,The Control Collection
|M4A4 || Global Offensive|,cu_csgo_camo,993,The Control Collection
|XM1014 || Charter|,am_authority_brown,994,The Control Collection
|AUG || Surveillance|,am_intelligence_grey,995,The Control Collection
|SSG 08 || Threat Detected|,am_intelligence_orange,996,The Control Collection
|P2000 || Dispatch|,am_numbers_red_blue,997,The Control Collection
|Dual Berettas || Switch Board|,hy_numbers_green,998,The Control Collection
|FAMAS || Prime Conspiracy|,am_numbers_magenta,999,The Control Collection
|P90 || Run and Hide|,cu_jaguar_p90,1000,The Ancient Collection
|M4A1-S || Welcome to the Jungle|,cu_m4a1_snake,1001,The Ancient Collection
|Five-SeveN || Berries And Cherries|,aa_fade_red_blue,1002,The Control Collection
|UMP-45 || Crime Scene|,cu_ump_crime_scene,1003,The Control Collection
|AK-47 || X-Ray|,cu_ak_xray,1004,The Havoc Collection
|Dual Berettas || Heist|,am_heist_plans_green,1005,The Havoc Collection
|Desert Eagle || Night Heist|,am_heist_plans_purple,1006,The Havoc Collection
|MP7 || Vault Heist|,am_heist_plans_yellow,1007,The Havoc Collection
|UMP-45 || Houndstooth|,hy_houndstooth_brown,1008,The Havoc Collection
|MAC-10 || Hot Snakes|,gs_mac10_snake,1009,The Havoc Collection
|Tec-9 || Phoenix Chalk|,hy_phoenix_tags_lilac,1010,The Havoc Collection
|R8 Revolver || Phoenix Marker|,am_phoenix_tags_blue,1011,The Havoc Collection
|Negev || Phoenix Stencil|,hy_phoenix_tags_red,1012,The Havoc Collection
|Galil AR || Phoenix Blacklight|,sp_phoenix_tags_purple,1013,The Havoc Collection
|Sawed-Off || Clay Ambush|,hy_tigers_tan,1014,The Havoc Collection
|P90 || Tiger Pit|,am_tigers_brown,1015,The Havoc Collection
|Glock-18 || Franklin|,cu_money_glock,1016,The Havoc Collection
|M4A1-S || Blue Phosphor|,am_m4a1s_bluesmoke,1017,The Control Collection
|AK-47 || Panthera onca|,cu_ak_jaguar,1018,The Ancient Collection
|P2000 || Panther Camo|,am_black_panther,1019,The Ancient Collection
|P90 || Ancient Earth|,aa_ancient_brown,1020,The Ancient Collection
|XM1014 || Ancient Lore|,am_ancient_warm,1021,The Ancient Collection
|SG 553 || Lush Ruins|,aa_ruins_green,1022,The Ancient Collection
|MP7 || Tall Grass|,hy_drywood_green,1023,The Ancient Collection
|Tec-9 || Blast From the Past|,hy_ancient_tiles_peach,1024,The Ancient Collection
|MAC-10 || Gold Brick|,am_gold_brick,1025,The Ancient Collection
|AWP || Fade|,aa_awp_fade,1026,The Control Collection
|USP-S || Target Acquired|,am_intelligence_magenta,1027,The Control Collection
|SCAR-20 || Magna Carta|,hy_authority_purple,1028,The Control Collection
|AWP || Silk Tiger|,am_tigers_blue,1029,The Havoc Collection
|P250 || Bengal Tiger|,hy_p250_tiger,1030,The Havoc Collection
|USP-S || Ancient Visions|,sp_ancient_bright,1031,The Ancient Collection
|Galil AR || Dusk Ruins|,hy_ruins_red,1032,The Ancient Collection
|AUG || Carved Jade|,am_jade,1033,The Ancient Collection
|G3SG1 || Ancient Ritual|,am_ancient_wine,1034,The Ancient Collection
|AK-47 || Slate|,gs_ak47_professional,1035,The Snakebite Collection
|CZ75-Auto || Circaetus|,cu_cz75_whirlwind,1036,The Snakebite Collection
|MP9 || Food Chain|,cu_mp9_food_chain,1037,The Snakebite Collection
|Galil AR || Chromatic Aberration|,cu_galil_chroma_pink,1038,The Snakebite Collection
|Glock-18 || Clear Polymer|,gs_glock_polymer,1039,The Snakebite Collection
|USP-S || The Traitor|,gs_usps_hangedman,1040,The Snakebite Collection
|M4A4 || In Living Color|,cu_m4a4_love,1041,The Snakebite Collection
|M249 || O.S.I.P.R.|,gs_m249_combine,1042,The Snakebite Collection
|Negev || dev_texture|,cu_negev_devtexture,1043,The Snakebite Collection
|P250 || Cyber Shell|,gs_p250_cybershell,1044,The Snakebite Collection
|MAC-10 || Button Masher|,cu_mac10_portable,1045,The Snakebite Collection
|XM1014 || XOXO|,aq_xm1014_punk,1046,The Snakebite Collection
|R8 Revolver || Junk Yard|,gs_r8_rustking,1047,The Snakebite Collection
|SG 553 || Heavy Metal|,gs_sg553_deathmetal,1048,The Snakebite Collection
|UMP-45 || Oscillator|,am_ump45_electrowave,1049,The Snakebite Collection
|Desert Eagle || Trigger Discipline|,cu_deag_trigger_discipline,1050,The Snakebite Collection
|Nova || Windblown|,sp_nova_wind_dispersal,1051,The Snakebite Collection
|SSG 08 || Death Strike|,cu_ssg08_scorpion,1052,The 2021 Dust 2 Collection
|FAMAS || Meltdown|,am_nuclear_pattern4_famas,1053,The 2021 Train Collection
|P2000 || Space Race|,aa_spacerace_orange,1055,The 2021 Train Collection
|Desert Eagle || Sputnik|,sp_spacerace_blue,1056,The 2021 Train Collection
|AWP || POP AWP|,hy_technowar_rwb,1058,The 2021 Train Collection
|M4A1-S || Fizzy POP|,sp_technowar_red,1059,The 2021 Train Collection
|SSG 08 || Spring Twilly|,hy_trainarchitect_green,1060,The 2021 Train Collection
|MP5-SD || Autumn Twilly|,hy_trainarchitect,1061,The 2021 Train Collection
|M4A4 || The Coalition|,gs_m4a4_coalition,1063,The 2021 Train Collection
|CZ75-Auto || Syndicate|,gs_train_cz75,1064,The 2021 Train Collection
|USP-S || Whiteout|,so_whiteout_riptide,1065,The 2021 Train Collection
|FAMAS || Faulty Wiring|,aa_wiring_yellow,1066,The 2021 Vertigo Collection
|MAC-10 || Propaganda|,cu_mac10_propaganda,1067,The 2021 Train Collection
|AK-47 || Green Laminate|,hy_ak47lam_green,1070,The 2021 Vertigo Collection
|Galil AR || CAUTION!|,sp_galil_caution,1071,The 2021 Vertigo Collection
|MAG-7 || Prism Terrace|,hy_geometric_steps_pearl,1072,The 2021 Vertigo Collection
|M4A1-S || Imminent Danger|,gs_m4a1_vertigo,1073,The 2021 Vertigo Collection
|P90 || Schematic|,hy_vertigogeo,1074,The 2021 Vertigo Collection
|MAC-10 || Strats|,hy_vertigospray_blue,1075,The 2021 Vertigo Collection
|CZ75-Auto || Framework|,hy_vertigoillusion,1076,The 2021 Vertigo Collection
|Nova || Interlock|,hy_vertigoillusion_yellow,1077,The 2021 Vertigo Collection
|XM1014 || Blue Tire|,sp_tire_tread_blue,1078,The 2021 Vertigo Collection
|Glock-18 || Red Tire|,sp_tire_tread_red,1079,The 2021 Vertigo Collection
|Negev || Infrastructure|,hy_vertigospray,1080,The 2021 Vertigo Collection
|P250 || Digital Architect|,aa_vertigogeo_neon,1081,The 2021 Vertigo Collection
|Five-SeveN || Fall Hazard|,cu_vertigo_fiveseven,1082,The 2021 Vertigo Collection
|PP-Bizon || Breaker Box|,aa_wiring,1083,The 2021 Vertigo Collection
|SG 553 || Hazard Pay|,cu_sg553_caution,1084,The 2021 Vertigo Collection
|UMP-45 || Mechanism|,aa_engine_performance,1085,The 2021 Vertigo Collection
|Dual Berettas || Oil Change|,sp_engine_dirty,1086,The 2021 Vertigo Collection
|AK-47 || Leet Museo|,gs_ak47_abstract,1087,The Operation Riptide Collection
|AUG || Plague|,gs_aug_plague,1088,The Operation Riptide Collection
|MAG-7 || BI83 Spectrum|,gs_mag7_bismuth,1089,The Operation Riptide Collection
|Desert Eagle || Ocean Drive|,cu_deagle_kitch,1090,The Operation Riptide Collection
|Dual Berettas || Tread|,gs_dual_berettas_tread,1091,The Operation Riptide Collection
|FAMAS || ZX Spectron|,cu_famas_spectron,1092,The Operation Riptide Collection
|Five-SeveN || Boost Protocol|,gs_five_seven_efusion,1093,The Operation Riptide Collection
|MP9 || Mount Fuji|,aa_mp9_fuji_pink,1094,The Operation Riptide Collection
|G3SG1 || Keeping Tabs|,cu_g3sg1_tacticalmap,1095,The Operation Riptide Collection
|MP7 || Guerrilla|,cu_mp7_khaki,1096,The Operation Riptide Collection
|M4A4 || Spider Lily|,gs_m4_flowers,1097,The Operation Riptide Collection
|MAC-10 || Toybox|,cu_mac10_toybox,1098,The Operation Riptide Collection
|PP-Bizon || Lumen|,gs_bizon_flasher,1099,The Operation Riptide Collection
|Glock-18 || Snack Attack|,cu_glock_snackattack,1100,The Operation Riptide Collection
|SSG 08 || Turbo Peek|,cu_ssg_overtake,1101,The Operation Riptide Collection
|USP-S || Black Lotus|,cu_usp_black_lotus,1102,The Operation Riptide Collection
|XM1014 || Watchdog|,gs_xm1014_watchdog,1103,The Operation Riptide Collection
|★ Bowie Knife || Lore|,cu_bowie_lore,1104,Knife
|★ Butterfly Knife || Lore|,cu_butterfly_lore,1105,Knife
|★ Falchion Knife || Lore|,cu_falchion_lore,1106,Knife
|★ Huntsman Knife || Lore|,cu_huntsman_lore,1107,Knife
|★ Shadow Daggers || Lore|,cu_push_lore,1108,Unknown
|★ Bowie Knife || Black Laminate|,gs_bowie_black_laminate,1109,Knife
|★ Butterfly Knife || Black Laminate|,gs_butterfly_black_laminate,1110,Knife
|★ Falchion Knife || Black Laminate|,gs_falchion_black_laminate,1111,Knife
|★ Huntsman Knife || Black Laminate|,gs_huntsman_black_laminate,1112,Knife
|★ Shadow Daggers || Black Laminate|,gs_push_black_laminate,1113,Unknown
|★ Bowie Knife || Autotronic|,gs_bowie_autotronic,1114,Knife
|★ Butterfly Knife || Autotronic|,gs_butterfly_autotronic,1115,Knife
|★ Falchion Knife || Autotronic|,gs_falchion_autotronic,1116,Knife
|★ Huntsman Knife || Autotronic|,gs_huntsman_autotronic,1117,Knife
|★ Shadow Daggers || Autotronic|,gs_push_autotronic,1118,Unknown
|Glock-18 || Gamma Doppler|,am_emerald_marbleized_glock,1119,The 2021 Train Collection
|Glock-18 || Gamma Doppler|,am_gamma_doppler_phase1_glock,1120,The 2021 Train Collection
|Glock-18 || Gamma Doppler|,am_gamma_doppler_phase2_glock,1121,The 2021 Train Collection
|Glock-18 || Gamma Doppler|,am_gamma_doppler_phase3_glock,1122,The 2021 Train Collection
|Glock-18 || Gamma Doppler|,am_gamma_doppler_phase4_glock,1123,The 2021 Train Collection
|PP-Bizon || Space Cat|,cu_bizon_spacecat,1125,The Dreams & Nightmares Collection
|Dual Berettas || Melondrama|,cu_elites_beware,1126,The Dreams & Nightmares Collection
|FAMAS || Rapid Eye Movement|,gs_famas_rapid_eyes,1127,The Dreams & Nightmares Collection
|Five-SeveN || Scrawl|,cu_fiveseven_alpha_omega,1128,The Dreams & Nightmares Collection
|G3SG1 || Dream Glade|,cu_g3sg1_glade,1129,The Dreams & Nightmares Collection
|M4A1-S || Night Terror|,gs_m4a1s_insomnia,1130,The Dreams & Nightmares Collection
|MAC-10 || Ensnared|,cu_mac10_pixie,1131,The Dreams & Nightmares Collection
|MAG-7 || Foresight|,cu_mag7_predictor,1132,The Dreams & Nightmares Collection
|MP7 || Abyssal Apparition|,cu_mp7_fear,1133,The Dreams & Nightmares Collection
|MP9 || Starlight Protector|,gs_mp9_starlight,1134,The Dreams & Nightmares Collection
|XM1014 || Zombie Offensive|,am_xm_zombie_offensive,1135,The Dreams & Nightmares Collection
|USP-S || Ticket to Hell|,cu_usp_to_hell,1136,The Dreams & Nightmares Collection
|MP5-SD || Necro Jr.|,gs_mp5_kid_necronomicon,1137,The Dreams & Nightmares Collection
|P2000 || Lifted Spirits|,cu_p2k_flying_dream,1138,The Dreams & Nightmares Collection
|SCAR-20 || Poultrygeist|,sp_scar_chickenfight,1139,The Dreams & Nightmares Collection
|Sawed-Off || Spirit Board|,cu_sawedoff_ouija,1140,The Dreams & Nightmares Collection
|AK-47 || Nightwish|,cu_ak47_nightwish,1141,The Dreams & Nightmares Collection
|USP-S || Printstream|,cu_usp_printstream,1142,The Recoil Collection
|AK-47 || Ice Coaled|,cu_ak47_cogthings,1143,The Recoil Collection
|AWP || Chromatic Aberration|,cu_awp_chroma_pink,1144,The Recoil Collection
|R8 Revolver || Crazy 8|,gs_revolver_purple_elite,1145,The Recoil Collection
|FAMAS || Meow 36|,gs_famas_corp_meow,1146,The Recoil Collection
|Galil AR || Destroyer|,cu_galil_destroyer,1147,The Recoil Collection
|M249 || Downtown|,cu_m249_downvote,1148,The Recoil Collection
|M4A4 || Poly Mag|,cu_m4a4_elite_tactical,1149,The Recoil Collection
|MAC-10 || Monkeyflage|,cu_mac10_monkeyflage,1150,The Recoil Collection
|SG 553 || Dragon Tech|,cu_sg553_cyber_dragon,1151,The Recoil Collection
|Negev || Drop Me|,cu_negev_clear_sky,1152,The Recoil Collection
|P250 || Visions|,gs_p250_visions,1153,The Recoil Collection
|P90 || Vent Rush|,gs_p90_tangled,1154,The Recoil Collection
|Sawed-Off || Kiss♥Love|,cu_sawedoff_kisslove,1155,The Recoil Collection
|Dual Berettas || Flora Carnivora|,cu_dual_elites_evil_flora,1156,The Recoil Collection
|UMP-45 || Roadblock|,gs_ump_roadblock,1157,The Recoil Collection
|Glock-18 || Winterized|,gs_glock_elite_camo,1158,The Recoil Collection
|★ Bloodhound Gloves || Charred|,bloodhound_black_silver,10006,Gloves
|★ Bloodhound Gloves || Snakebite|,bloodhound_snakeskin_brass,10007,Gloves
|★ Bloodhound Gloves || Bronzed|,bloodhound_metallic,10008,Gloves
|★ Hand Wraps || Leather|,handwrap_leathery,10009,Unknown
|★ Hand Wraps || Spruce DDPAT|,handwrap_camo_grey,10010,Unknown
|★ Driver Gloves || Lunar Weave|,slick_black,10013,Gloves
|★ Driver Gloves || Convoy|,slick_military,10015,Gloves
|★ Driver Gloves || Crimson Weave|,slick_red,10016,Gloves
|★ Sport Gloves || Superconductor|,sporty_light_blue,10018,Gloves
|★ Sport Gloves || Arid|,sporty_military,10019,Gloves
|★ Hand Wraps || Slaughter|,handwrap_red_slaughter,10021,Unknown
|★ Moto Gloves || Eclipse|,motorcycle_basic_black,10024,Gloves
|★ Moto Gloves || Spearmint|,motorcycle_mint_triangle,10026,Gloves
|★ Moto Gloves || Boom!|,motorcycle_mono_boom,10027,Gloves
|★ Moto Gloves || Cool Mint|,motorcycle_triangle_blue,10028,Gloves
|★ Specialist Gloves || Forest DDPAT|,specialist_ddpat_green_camo,10030,Gloves
|★ Specialist Gloves || Crimson Kimono|,specialist_kimono_diamonds_red,10033,Gloves
|★ Specialist Gloves || Emerald Web|,specialist_emerald_web,10034,Gloves
|★ Specialist Gloves || Foundation|,specialist_orange_white,10035,Gloves
|★ Hand Wraps || Badlands|,handwrap_fabric_orange_camo,10036,Unknown
|★ Sport Gloves || Pandora's Box|,sporty_purple,10037,Gloves
|★ Sport Gloves || Hedge Maze|,sporty_green,10038,Gloves
|★ Bloodhound Gloves || Guerrilla|,bloodhound_guerrilla,10039,Gloves
|★ Driver Gloves || Diamondback|,slick_snakeskin_yellow,10040,Gloves
|★ Driver Gloves || King Snake|,slick_snakeskin_white,10041,Gloves
|★ Driver Gloves || Imperial Plaid|,slick_plaid_purple,10042,Gloves
|★ Driver Gloves || Overtake|,slick_stitched_black_orange,10043,Gloves
|★ Driver Gloves || Racing Green|,slick_stitched_green_grey,10044,Gloves
|★ Sport Gloves || Amphibious|,sporty_poison_frog_blue_white,10045,Gloves
|★ Sport Gloves || Bronze Morph|,sporty_poison_frog_red_green,10046,Gloves
|★ Sport Gloves || Omega|,sporty_black_webbing_yellow,10047,Gloves
|★ Sport Gloves || Vice|,sporty_blue_pink,10048,Gloves
|★ Moto Gloves || POW!|,motorcycle_choco_boom,10049,Gloves
|★ Moto Gloves || Turtle|,motorcycle_basic_green_orange,10050,Gloves
|★ Moto Gloves || Transport|,motorcycle_yellow_camo,10051,Gloves
|★ Moto Gloves || Polygon|,motorcycle_trigrid_blue,10052,Gloves
|★ Hand Wraps || Cobalt Skulls|,handwrap_leathery_fabric_blue_skulls,10053,Unknown
|★ Hand Wraps || Overprint|,handwrap_leathery_fabric_geometric_blue,10054,Unknown
|★ Hand Wraps || Duct Tape|,handwrap_leathery_ducttape,10055,Unknown
|★ Hand Wraps || Arboreal|,handwrap_leathery_fabric_green_camo,10056,Unknown
|★ Hydra Gloves || Emerald|,bloodhound_hydra_black_green,10057,Gloves
|★ Hydra Gloves || Mangrove|,bloodhound_hydra_green_leather_mesh_brass,10058,Gloves
|★ Hydra Gloves || Rattler|,bloodhound_hydra_snakeskin_brass,10059,Gloves
|★ Hydra Gloves || Case Hardened|,bloodhound_hydra_case_hardened,10060,Gloves
|★ Specialist Gloves || Crimson Web|,specialist_webs_red,10061,Gloves
|★ Specialist Gloves || Buckshot|,specialist_forest_brown,10062,Gloves
|★ Specialist Gloves || Fade|,specialist_fade,10063,Gloves
|★ Specialist Gloves || Mogul|,specialist_winterhex,10064,Gloves
|★ Specialist Gloves || Marble Fade|,specialist_marble_fade,10065,Gloves
|★ Specialist Gloves || Lt. Commander|,specialist_ricksaw_camo,10066,Gloves
|★ Specialist Gloves || Tiger Strike|,specialist_tiger_orange,10067,Gloves
|★ Specialist Gloves || Field Agent|,specialist_fbi,10068,Gloves
|★ Driver Gloves || Rezan the Red|,slick_rezan,10069,Gloves
|★ Driver Gloves || Snow Leopard|,slick_jaguar_white,10070,Gloves
|★ Driver Gloves || Queen Jaguar|,slick_jaguar_yellow,10071,Gloves
|★ Driver Gloves || Black Tie|,slick_stitched_black_white,10072,Gloves
|★ Sport Gloves || Slingshot|,sporty_slingshot,10073,Gloves
|★ Sport Gloves || Big Game|,sporty_hunter,10074,Gloves
|★ Sport Gloves || Scarlet Shamagh|,sporty_houndstooth_red,10075,Gloves
|★ Sport Gloves || Nocts|,sporty_jaguar,10076,Gloves
|★ Moto Gloves || Finish Line|,motorcycle_checker_flag_blue_green,10077,Gloves
|★ Moto Gloves || Smoke Out|,motorcycle_smoke,10078,Gloves
|★ Moto Gloves || Blood Pressure|,motorcycle_carbonfiber_red,10079,Gloves
|★ Moto Gloves || 3rd Commando Company|,motorcycle_commando_ksk,10080,Gloves
|★ Hand Wraps || Desert Shamagh|,handwrap_fabric_houndstooth_orange,10081,Unknown
|★ Hand Wraps || Giraffe|,handwrap_leathery_fabric_giraffe,10082,Unknown
|★ Hand Wraps || Constrictor|,handwrap_leathery_snakeskin_orange,10083,Unknown
|★ Hand Wraps || CAUTION!|,handwrap_leathery_caution,10084,Unknown
|★ Broken Fang Gloves || Jade|,operation10_metalic_green,10085,Gloves
|★ Broken Fang Gloves || Yellow-banded|,operation10_poison_frog_black_yellow,10086,Gloves
|★ Broken Fang Gloves || Needle Point|,operation10_floral,10087,Gloves
|★ Broken Fang Gloves || Unhinged|,operation10_snakeskin_black,10088,Gloves
