Five-SeveN | Capillary (Battle-Scarred)
StatTrak™ MP7 | Akoben (Field-Tested)
StatTrak™ PP-Bizon | Jungle Slipstream (Minimal Wear)
StatTrak™ P250 | Ripple (Field-Tested)
StatTrak™ PP-Bizon | Jungle Slipstream (Field-Tested)
Sawed-Off | Zander (Factory New)
MAC-10 | Last Dive (Battle-Scarred)
Desert Eagle | Oxide Blaze (Factory New)
StatTrak™ MP7 | Akoben (Battle-Scarred)
Galil AR | Crimson Tsunami (Field-Tested)
Sawed-Off | Zander (Battle-Scarred)
SCAR-20 | Blueprint (Battle-Scarred)
Five-SeveN | Capillary (Factory New)
M249 | Emerald Poison Dart (Field-Tested)
CZ75-Auto | Xiangliu (Factory New)
UMP-45 | Scaffold (Factory New)
XM1014 | Seasons (Field-Tested)
StatTrak™ P250 | Ripple (Factory New)
StatTrak™ P250 | Ripple (Battle-Scarred)
StatTrak™ MP7 | Akoben (Well-Worn)
Desert Eagle | Oxide Blaze (Well-Worn)
Galil AR | Crimson Tsunami (Minimal Wear)
UMP-45 | Scaffold (Field-Tested)
SCAR-20 | Blueprint (Field-Tested)
SCAR-20 | Blueprint (Factory New)
Five-SeveN | Capillary (Minimal Wear)
Five-SeveN | Capillary (Well-Worn)
SCAR-20 | Blueprint (Well-Worn)
Desert Eagle | Oxide Blaze (Battle-Scarred)
Sawed-Off | Zander (Field-Tested)
StatTrak™ P250 | Ripple (Minimal Wear)
Sawed-Off | Zander (Minimal Wear)
StatTrak™ MP7 | Akoben (Factory New)
AWP | Fever Dream (Field-Tested)
Desert Eagle | Oxide Blaze (Field-Tested)
Desert Eagle | Oxide Blaze (Minimal Wear)
SCAR-20 | Blueprint (Minimal Wear)
AK-47 | Bloodsport (Field-Tested)
Five-SeveN | Capillary (Field-Tested)
M249 | Emerald Poison Dart (Factory New)
CZ75-Auto | Xiangliu (Field-Tested)
StatTrak™ PP-Bizon | Jungle Slipstream (Well-Worn)
AWP | Fever Dream (Minimal Wear)
M4A1-S | Decimator (Battle-Scarred)
StatTrak™ PP-Bizon | Jungle Slipstream (Factory New)
XM1014 | Seasons (Well-Worn)
UMP-45 | Scaffold (Battle-Scarred)
StatTrak™ PP-Bizon | Jungle Slipstream (Battle-Scarred)
XM1014 | Seasons (Factory New)
XM1014 | Seasons (Minimal Wear)
MAC-10 | Last Dive (Well-Worn)
Galil AR | Crimson Tsunami (Factory New)
MAC-10 | Last Dive (Field-Tested)
StatTrak™ P250 | Ripple (Well-Worn)
Sawed-Off | Zander (Well-Worn)
StatTrak™ MP7 | Akoben (Minimal Wear)
M249 | Emerald Poison Dart (Well-Worn)
UMP-45 | Scaffold (Minimal Wear)
USP-S | Neo-Noir (Battle-Scarred)
UMP-45 | Scaffold (Well-Worn)
Galil AR | Crimson Tsunami (Well-Worn)
MAC-10 | Last Dive (Factory New)
AWP | Fever Dream (Battle-Scarred)
AWP | Fever Dream (Factory New)
CZ75-Auto | Xiangliu (Minimal Wear)
★ Bowie Knife | Tiger Tooth (Factory New)
M4A1-S | Decimator (Field-Tested)
★ Huntsman Knife | Marble Fade (Factory New)
XM1014 | Seasons (Battle-Scarred)
USP-S | Neo-Noir (Field-Tested)
MAC-10 | Last Dive (Minimal Wear)
M249 | Emerald Poison Dart (Minimal Wear)
★ Bowie Knife | Ultraviolet (Field-Tested)
Galil AR | Crimson Tsunami (Battle-Scarred)
AK-47 | Bloodsport (Minimal Wear)
AWP | Fever Dream (Well-Worn)
CZ75-Auto | Xiangliu (Battle-Scarred)
M4A1-S | Decimator (Factory New)
AK-47 | Bloodsport (Factory New)
M4A1-S | Decimator (Well-Worn)
USP-S | Neo-Noir (Minimal Wear)
★ Falchion Knife | Rust Coat (Battle-Scarred)
CZ75-Auto | Xiangliu (Well-Worn)
M4A1-S | Decimator (Minimal Wear)
★ Falchion Knife | Tiger Tooth (Factory New)
AK-47 | Bloodsport (Well-Worn)
USP-S | Neo-Noir (Factory New)
★ Huntsman Knife | Rust Coat (Battle-Scarred)
★ Huntsman Knife | Ultraviolet (Battle-Scarred)
★ Shadow Daggers | Marble Fade (Factory New)
★ Butterfly Knife | Rust Coat (Battle-Scarred)
★ Falchion Knife | Ultraviolet (Minimal Wear)
★ Falchion Knife | Marble Fade (Minimal Wear)
USP-S | Neo-Noir (Well-Worn)
★ Shadow Daggers | Tiger Tooth (Factory New)
★ Falchion Knife | Damascus Steel (Minimal Wear)
★ Butterfly Knife | Ultraviolet (Well-Worn)
★ Shadow Daggers | Ultraviolet (Minimal Wear)
★ Shadow Daggers | Ultraviolet (Field-Tested)
★ Bowie Knife | Rust Coat (Battle-Scarred)
★ Falchion Knife | Ultraviolet (Field-Tested)
★ Huntsman Knife | Tiger Tooth (Factory New)
★ Bowie Knife | Ultraviolet (Minimal Wear)
★ Huntsman Knife | Ultraviolet (Minimal Wear)
★ Butterfly Knife | Marble Fade (Factory New)
★ Shadow Daggers | Doppler (Factory New)
★ Falchion Knife | Doppler (Factory New)
★ Butterfly Knife | Damascus Steel (Field-Tested)
★ Huntsman Knife | Damascus Steel (Battle-Scarred)
★ Huntsman Knife | Doppler (Factory New)
★ Bowie Knife | Marble Fade (Factory New)
★ Shadow Daggers | Damascus Steel (Field-Tested)
★ Bowie Knife | Doppler (Factory New)
★ Butterfly Knife | Doppler (Factory New)
★ Shadow Daggers | Ultraviolet (Battle-Scarred)
★ Bowie Knife | Rust Coat (Well-Worn)
★ Huntsman Knife | Damascus Steel (Field-Tested)
★ Huntsman Knife | Rust Coat (Well-Worn)
★ Falchion Knife | Ultraviolet (Battle-Scarred)
★ Bowie Knife | Damascus Steel (Battle-Scarred)
★ Bowie Knife | Damascus Steel (Field-Tested)
★ Butterfly Knife | Ultraviolet (Battle-Scarred)
★ Bowie Knife | Ultraviolet (Battle-Scarred)
★ Huntsman Knife | Marble Fade (Minimal Wear)
★ Shadow Daggers | Rust Coat (Battle-Scarred)
★ Butterfly Knife | Tiger Tooth (Factory New)
★ Huntsman Knife | Damascus Steel (Minimal Wear)
★ Shadow Daggers | Tiger Tooth (Minimal Wear)
★ Butterfly Knife | Rust Coat (Well-Worn)
★ Falchion Knife | Damascus Steel (Battle-Scarred)
★ Falchion Knife | Damascus Steel (Field-Tested)
★ Huntsman Knife | Ultraviolet (Field-Tested)
★ Shadow Daggers | Damascus Steel (Minimal Wear)
★ Falchion Knife | Marble Fade (Factory New)
★ Falchion Knife | Doppler (Minimal Wear)
★ Shadow Daggers | Damascus Steel (Battle-Scarred)
★ Falchion Knife | Damascus Steel (Factory New)
★ Butterfly Knife | Ultraviolet (Field-Tested)
★ Falchion Knife | Damascus Steel (Well-Worn)
★ Shadow Daggers | Damascus Steel (Factory New)
★ Falchion Knife | Rust Coat (Well-Worn)
★ Shadow Daggers | Rust Coat (Well-Worn)
★ Butterfly Knife | Damascus Steel (Minimal Wear)
★ Huntsman Knife | Damascus Steel (Well-Worn)
★ Huntsman Knife | Doppler (Minimal Wear)
★ Butterfly Knife | Marble Fade (Minimal Wear)
★ Huntsman Knife | Tiger Tooth (Minimal Wear)
★ Butterfly Knife | Damascus Steel (Factory New)
★ Falchion Knife | Tiger Tooth (Minimal Wear)
★ Huntsman Knife | Damascus Steel (Factory New)
★ Butterfly Knife | Ultraviolet (Factory New)
★ Butterfly Knife | Damascus Steel (Battle-Scarred)
★ Shadow Daggers | Damascus Steel (Well-Worn)
★ Huntsman Knife | Ultraviolet (Well-Worn)
★ Bowie Knife | Damascus Steel (Well-Worn)
★ Bowie Knife | Ultraviolet (Well-Worn)
★ Butterfly Knife | Tiger Tooth (Minimal Wear)
★ Falchion Knife | Ultraviolet (Well-Worn)
★ Butterfly Knife | Doppler (Minimal Wear)
★ Bowie Knife | Tiger Tooth (Minimal Wear)
★ Shadow Daggers | Ultraviolet (Well-Worn)
★ Butterfly Knife | Ultraviolet (Minimal Wear)
★ Bowie Knife | Doppler (Minimal Wear)
★ Butterfly Knife | Damascus Steel (Well-Worn)
★ Bowie Knife | Marble Fade (Minimal Wear)
★ Bowie Knife | Damascus Steel (Minimal Wear)
★ Shadow Daggers | Marble Fade (Minimal Wear)
★ Shadow Daggers | Doppler (Minimal Wear)
★ Bowie Knife | Damascus Steel (Factory New)
★ Huntsman Knife | Ultraviolet (Factory New)
★ Falchion Knife | Ultraviolet (Factory New)
★ Shadow Daggers | Ultraviolet (Factory New)
★ Bowie Knife | Ultraviolet (Factory New)
